<?xml version="1.0" encoding="UTF-8"?>
<project-private xmlns="http://www.netbeans.org/ns/project-private/1">
    <editor-bookmarks xmlns="http://www.netbeans.org/ns/editor-bookmarks/2" lastBookmarkId="0"/>
    <open-files xmlns="http://www.netbeans.org/ns/projectui-open-files/2">
        <group>
            <file>file:/C:/Users/samuel/Desktop/VideoGameDB/app/routes/register.js</file>
            <file>file:/C:/Users/samuel/Desktop/VideoGameDB/public/index.html</file>
            <file>file:/C:/Users/samuel/Desktop/VideoGameDB/bin/www.js</file>
            <file>file:/C:/Users/samuel/Desktop/VideoGameDB/public/detailedPage.html</file>
            <file>file:/C:/Users/samuel/Desktop/VideoGameDB/app/routes/loginAuth.js</file>
            <file>file:/C:/Users/samuel/Desktop/VideoGameDB/app/db.js</file>
            <file>file:/C:/Users/samuel/Desktop/VideoGameDB/test/test.js</file>
            <file>file:/C:/Users/samuel/Desktop/VideoGameDB/app/routes/searchGame.js</file>
            <file>file:/C:/Users/samuel/Desktop/VideoGameDB/public/javascripts/app.js</file>
        </group>
    </open-files>
</project-private>
