-- MySQL dump 10.13  Distrib 5.7.9, for Win64 (x86_64)
--
-- Host: 127.0.0.1    Database: videogame
-- ------------------------------------------------------
-- Server version	5.7.12-log

/*!40101 SET @OLD_CHARACTER_SET_CLIENT=@@CHARACTER_SET_CLIENT */;
/*!40101 SET @OLD_CHARACTER_SET_RESULTS=@@CHARACTER_SET_RESULTS */;
/*!40101 SET @OLD_COLLATION_CONNECTION=@@COLLATION_CONNECTION */;
/*!40101 SET NAMES utf8 */;
/*!40103 SET @OLD_TIME_ZONE=@@TIME_ZONE */;
/*!40103 SET TIME_ZONE='+00:00' */;
/*!40014 SET @OLD_UNIQUE_CHECKS=@@UNIQUE_CHECKS, UNIQUE_CHECKS=0 */;
/*!40014 SET @OLD_FOREIGN_KEY_CHECKS=@@FOREIGN_KEY_CHECKS, FOREIGN_KEY_CHECKS=0 */;
/*!40101 SET @OLD_SQL_MODE=@@SQL_MODE, SQL_MODE='NO_AUTO_VALUE_ON_ZERO' */;
/*!40111 SET @OLD_SQL_NOTES=@@SQL_NOTES, SQL_NOTES=0 */;

--
-- Table structure for table `developer`
--

DROP TABLE IF EXISTS `developer`;
/*!40101 SET @saved_cs_client     = @@character_set_client */;
/*!40101 SET character_set_client = utf8 */;
CREATE TABLE `developer` (
  `id` int(11) NOT NULL AUTO_INCREMENT,
  `name` varchar(45) DEFAULT NULL,
  PRIMARY KEY (`id`),
  UNIQUE KEY `name_UNIQUE` (`name`)
) ENGINE=InnoDB AUTO_INCREMENT=3133 DEFAULT CHARSET=utf8;
/*!40101 SET character_set_client = @saved_cs_client */;

--
-- Dumping data for table `developer`
--

LOCK TABLES `developer` WRITE;
/*!40000 ALTER TABLE `developer` DISABLE KEYS */;
INSERT INTO `developer` VALUES (1003,'21st Century Entertainment'),(174,'Absolute Entertainment'),(516,'Accolade'),(213,'Adrenalin Interactive'),(512,'Advanced Productions'),(741,'AI'),(739,'Aicom'),(465,'AIM'),(350,'Aisystem Tokyo'),(897,'Alexandria'),(108,'Almanic'),(702,'Altron'),(242,'American Sammy'),(1202,'American Softworks'),(256,'Anco'),(103,'Angel'),(535,'Arc Developments'),(76,'Arcade Zone'),(263,'Argonaut Games'),(393,'Argonaut Software'),(717,'Arsys Software'),(1299,'Artech Digital Entertainment'),(422,'ASCII Entertainment'),(200,'Asmik Ace Entertainment'),(374,'Atelier Double'),(143,'Athena'),(463,'Atlus'),(493,'Atod'),(66,'Audiogenic'),(1104,'Avalanche Software'),(237,'Axes Art Amuse'),(217,'Bandai'),(182,'Beam Software'),(120,'Bitmap Brothers'),(177,'Bitmasters'),(74,'Bits Studios'),(192,'Black Pearl Software'),(346,'Black Pearl Software / Tiertex'),(279,'Blizzard Entertainment'),(249,'Blizzard Entertainment / Sunsoft'),(1436,'Blue Byte'),(481,'Bullet-Proof Software'),(466,'Bullfrog Productions'),(318,'C-Lab'),(70,'Capcom'),(1002,'Coconuts Japan'),(311,'Codemasters'),(413,'Compile'),(67,'Compile/HAL Laboratory'),(184,'Core Design'),(455,'Cryo Interactive'),(654,'CTA Developments'),(150,'Culture Brain'),(195,'Data East'),(49,'Data East / Kuusoukagaku'),(845,'David Crane'),(104,'Delphine Software International'),(310,'Designer Software'),(320,'Digital Eclipse Software'),(555,'Distinctive Software'),(1108,'DMA Design'),(252,'Domark'),(525,'EA Canada'),(804,'EA Sports'),(331,'EA Sports / Tiertex'),(225,'Electronic Arts'),(655,'Elite'),(694,'Empire Interactive'),(62,'Empire Software'),(125,'Entertainment International'),(87,'Equilibrium'),(137,'Eurocom'),(294,'Eurocom Entertainment Software'),(222,'Extended Play Productions'),(1059,'Extreme Entertainment Group'),(461,'Factor 5'),(351,'Flair Software'),(323,'Funcom'),(111,'Game Freak, System Sacom'),(1169,'GameTek'),(307,'Genki'),(1225,'Granite Bay Software'),(379,'Gray Matter'),(246,'Gremlin Interactive'),(141,'GTE Interactive Media'),(65,'HAL Laboratory'),(651,'HAL Laboratory/Ape, Inc.'),(566,'Haus Teknikka'),(61,'Herge'),(2785,'High Score Productions / Tiburon Entertainmen'),(554,'Hookstone Productions'),(102,'Hori Electric'),(400,'Hot-B'),(146,'Hudson Soft'),(123,'Human Entertainment'),(121,'I.T.L / Zuntata'),(88,'ICOM Simulations'),(64,'Iguana Entertainment'),(450,'Illusion Softworks'),(1133,'Imagineer'),(60,'Imagineering'),(119,'Imagitec Design'),(506,'Infinity Co., Ltd'),(117,'Infogrames'),(300,'Intelligent Systems'),(188,'Interplay Entertainment'),(93,'Irem'),(86,'Jaleco'),(321,'Jorudan'),(358,'Kalisto Entertainment'),(180,'Kaneko'),(1048,'KaZe / Meldac'),(239,'Kemco'),(793,'KID'),(83,'Koei'),(56,'Konami'),(58,'Krisalis Software'),(368,'Laser Beam Entertainment'),(373,'Left Field Productions'),(71,'Leland Interactive Media'),(487,'Loriciel'),(305,'LucasArts'),(707,'Magical Company'),(129,'Malibu Games'),(14,'Malibu Interactive'),(261,'Manley & Associates'),(185,'Microprose'),(148,'Millennium Interactive'),(290,'Minakuchi Engineering'),(179,'Mindscape'),(251,'Mirrorsoft'),(149,'Monolith Corporation'),(565,'Morning Star Multimedia'),(57,'MotiveTime'),(371,'Motown Software'),(46,'Namco'),(315,'Natsume'),(842,'NCS'),(281,'Neverland'),(313,'New World Computing'),(78,'Nintendo'),(130,'Nintendo/Argonaut Games'),(106,'Nintendo/Maxis'),(221,'Nova Co., Ltd'),(94,'NovaLogic'),(131,'Novotrade'),(424,'Now Production'),(53,'Ocean Software'),(138,'Opus Corporation'),(304,'Origin Systems'),(697,'Pack-In-Video'),(134,'Panoramic'),(132,'Paramount Interactive'),(176,'Park Place Productions'),(784,'PF Magic'),(1184,'Phoenix Interactive Entertainment'),(584,'Polygames'),(85,'Probe Entertainment'),(207,'Probe Software'),(45,'Produce'),(79,'Psygnosis'),(345,'Quest'),(51,'Quintet'),(736,'Radiance Software'),(317,'Radical Entertainment'),(537,'Rage Software'),(209,'Rare'),(47,'Realtime Associates'),(447,'Red Company'),(503,'Red Entertainment'),(2249,'Red Rat Software'),(1006,'Redline Games'),(486,'Riedel Software Productions'),(1055,'Ringler Studios'),(342,'Romstar'),(75,'Sales Curve Interactive'),(533,'Saurus Co., Ltd'),(96,'Sculptured Software'),(369,'Seibu Kaihatsu/Toei Company/Micronics'),(178,'Sensible Software'),(48,'SETA'),(653,'Shiny Entertainment'),(92,'Silicon & Synapse'),(819,'Silicon Sorcery'),(243,'Software Creations'),(840,'Software Creations (UK)'),(556,'Software Heaven / FTL Games'),(660,'Sony Imagesoft'),(128,'Spectrum Holobyte'),(183,'Square'),(444,'Starfish'),(1167,'Sting Entertainment'),(208,'Sun L'),(50,'Sunsoft'),(173,'Synergistic Software'),(365,'System 3'),(497,'T&E Software'),(127,'Taito'),(122,'Taito / I.T.L'),(223,'Takara'),(538,'Team17'),(194,'Technōs Japan'),(1080,'Technosoft'),(397,'Tecmo'),(214,'Telenet'),(462,'Telenet Japan'),(363,'Tengen'),(335,'The Software Toolworks'),(109,'THQ'),(286,'Tiburon Entertainment'),(809,'Tiertex Design Studios'),(518,'Time Warner Interactive'),(73,'Titus Software'),(293,'Toho'),(1201,'Tokyo Shoseki'),(105,'Tomcat System'),(550,'Tonkin House'),(135,'Tose'),(544,'Toshiba EMI'),(496,'Tradewest'),(308,'Traveller\'s Tales'),(560,'Triffix'),(735,'Twilight Games'),(534,'U.S. Gold'),(115,'Ukiyotei'),(95,'Viacom New Media'),(276,'Vic Tokai'),(63,'Video System'),(90,'Virgin Interactive'),(81,'Visual Concepts'),(1926,'Visual Concepts / High Score Productions'),(142,'Vivid Image'),(360,'Wave Quest'),(746,'WaveQuest'),(292,'Western Technologies'),(274,'Westwood Studios'),(440,'World Builders Synergistic'),(1378,'Xanth Software'),(110,'Zeppelin Games'),(72,'Zoom Inc.');
/*!40000 ALTER TABLE `developer` ENABLE KEYS */;
UNLOCK TABLES;

--
-- Table structure for table `esrb_ratings`
--

DROP TABLE IF EXISTS `esrb_ratings`;
/*!40101 SET @saved_cs_client     = @@character_set_client */;
/*!40101 SET character_set_client = utf8 */;
CREATE TABLE `esrb_ratings` (
  `id` int(11) NOT NULL AUTO_INCREMENT,
  `rating` varchar(1) DEFAULT NULL,
  `rating_full` varchar(45) DEFAULT NULL,
  PRIMARY KEY (`id`)
) ENGINE=InnoDB DEFAULT CHARSET=utf8;
/*!40101 SET character_set_client = @saved_cs_client */;

--
-- Dumping data for table `esrb_ratings`
--

LOCK TABLES `esrb_ratings` WRITE;
/*!40000 ALTER TABLE `esrb_ratings` DISABLE KEYS */;
/*!40000 ALTER TABLE `esrb_ratings` ENABLE KEYS */;
UNLOCK TABLES;

--
-- Table structure for table `game_developer`
--

DROP TABLE IF EXISTS `game_developer`;
/*!40101 SET @saved_cs_client     = @@character_set_client */;
/*!40101 SET character_set_client = utf8 */;
CREATE TABLE `game_developer` (
  `game_id` int(11) NOT NULL,
  `developer_id` int(11) NOT NULL,
  UNIQUE KEY `ix_uq` (`game_id`,`developer_id`)
) ENGINE=InnoDB DEFAULT CHARSET=utf8;
/*!40101 SET character_set_client = @saved_cs_client */;

--
-- Dumping data for table `game_developer`
--

LOCK TABLES `game_developer` WRITE;
/*!40000 ALTER TABLE `game_developer` DISABLE KEYS */;
INSERT INTO `game_developer` VALUES (761,14),(762,45),(763,48),(764,47),(765,46),(766,49),(767,50),(768,51),(769,51),(770,53),(771,53),(772,53),(773,56),(774,57),(775,58),(776,53),(777,60),(778,61),(779,62),(780,64),(781,64),(782,83),(783,63),(784,83),(785,173),(786,317),(787,735),(788,85),(789,321),(790,119),(791,146),(792,736),(793,56),(794,320),(795,739),(796,46),(797,300),(798,793),(799,209),(800,209),(801,47),(802,135),(803,317),(804,486),(805,487),(806,305),(807,146),(808,56),(809,804),(810,143),(811,279),(812,741),(813,73),(814,188),(815,45),(816,96),(817,73),(818,79),(819,70),(820,83),(821,86),(822,1299),(823,70),(824,317),(825,317),(826,746),(827,809),(831,173),(832,174),(833,56),(834,176),(835,177),(836,178),(837,180),(838,182),(839,179),(840,180),(841,183),(842,184),(843,185),(844,81),(845,81),(846,81),(847,188),(848,14),(849,96),(850,192),(851,64),(852,194),(853,195),(854,56),(855,90),(856,53),(857,840),(858,223),(859,842),(860,88),(861,127),(862,845),(863,323),(864,279),(865,70),(866,90),(867,53),(868,81),(869,200),(870,135),(871,93),(872,137),(873,71),(874,90),(875,217),(876,217),(877,217),(878,217),(879,117),(880,555),(881,117),(882,57),(883,560),(884,556),(885,108),(886,86),(887,651),(888,653),(889,653),(890,654),(891,655),(892,177),(893,243),(894,176),(895,660),(896,660),(897,174),(898,660),(899,70),(900,78),(901,123),(902,123),(903,48),(904,48),(905,252),(906,1378),(907,60),(910,70),(911,70),(912,123),(913,75),(914,237),(915,239),(916,127),(917,242),(918,104),(919,53),(920,243),(921,64),(922,71),(923,566),(924,565),(925,246),(926,83),(927,83),(928,182),(929,305),(930,135),(931,120),(932,70),(933,463),(934,463),(935,56),(936,70),(937,736),(938,74),(939,503),(940,65),(941,86),(942,694),(943,516),(944,81),(945,697),(946,534),(947,50),(948,73),(949,63),(950,65),(951,86),(952,51),(953,276),(954,379),(955,85),(956,461),(957,83),(958,146),(959,56),(960,56),(961,487),(962,93),(963,74),(964,897),(965,188),(966,148),(967,496),(968,379),(969,141),(970,85),(971,60),(972,1169),(973,1167),(974,182),(975,1169),(976,487),(977,1436),(978,176),(979,242),(980,195),(981,195),(982,525),(983,85),(984,137),(985,246),(986,53),(987,249),(988,53),(989,251),(990,70),(991,223),(992,67),(993,223),(994,65),(995,65),(996,65),(997,70),(998,66),(999,71),(1000,72),(1001,73),(1002,79),(1003,74),(1004,75),(1005,76),(1006,56),(1007,78),(1008,81),(1009,56),(1010,79),(1011,53),(1012,83),(1013,274),(1014,276),(1015,92),(1016,50),(1017,279),(1018,117),(1019,281),(1020,281),(1021,96),(1022,81),(1023,81),(1024,286),(1025,286),(1026,225),(1027,62),(1028,290),(1029,70),(1030,58),(1031,335),(1032,293),(1033,182),(1034,286),(1035,178),(1036,70),(1037,208),(1038,70),(1039,70),(1040,290),(1041,300),(1042,46),(1043,304),(1044,307),(1045,225),(1046,305),(1047,308),(1048,310),(1049,311),(1050,311),(1051,313),(1052,64),(1053,315),(1054,217),(1055,217),(1056,335),(1057,192),(1058,81),(1059,96),(1060,96),(1061,96),(1062,96),(1063,225),(1064,331),(1065,225),(1066,225),(1067,96),(1068,177),(1069,335),(1070,246),(1071,176),(1073,64),(1074,225),(1075,0),(1076,1926),(1077,192),(1078,109),(1079,96),(1080,225),(1081,315),(1082,95),(1083,246),(1084,397),(1085,74),(1086,83),(1087,83),(1088,342),(1089,48),(1090,79),(1091,345),(1092,346),(1093,127),(1094,350),(1095,83),(1096,86),(1097,351),(1098,104),(1099,179),(1100,179),(1101,83),(1102,83),(1103,46),(1104,95),(1105,102),(1106,78),(1107,1002),(1108,1003),(1109,702),(1110,50),(1111,109),(1112,1006),(1113,243),(1114,315),(1115,315),(1116,56),(1117,466),(1118,56),(1119,466),(1120,1184),(1121,534),(1122,317),(1123,463),(1124,180),(1125,217),(1126,466),(1127,73),(1128,177),(1129,717),(1130,73),(1131,496),(1132,135),(1133,2249),(1134,365),(1135,47),(1136,263),(1137,368),(1138,177),(1139,369),(1140,83),(1141,85),(1142,86),(1143,87),(1144,88),(1145,53),(1146,90),(1147,51),(1148,92),(1149,94),(1150,95),(1151,93),(1152,96),(1153,83),(1154,92),(1155,83),(1156,83),(1157,93),(1158,102),(1159,103),(1160,223),(1161,70),(1162,393),(1163,96),(1164,183),(1165,182),(1166,183),(1167,397),(1168,178),(1169,400),(1170,104),(1171,108),(1172,64),(1173,105),(1174,106),(1175,109),(1176,105),(1177,96),(1178,110),(1179,47),(1180,115),(1181,111),(1182,413),(1183,315),(1184,56),(1185,173),(1186,317),(1187,50),(1188,292),(1189,243),(1190,243),(1191,422),(1192,117),(1193,424),(1194,129),(1195,130),(1196,131),(1197,132),(1198,128),(1199,85),(1200,134),(1201,135),(1202,137),(1203,138),(1204,70),(1205,70),(1206,70),(1207,141),(1208,142),(1209,143),(1210,130),(1211,56),(1212,135),(1213,146),(1214,146),(1215,148),(1216,149),(1217,150),(1218,135),(1219,135),(1220,46),(1221,440),(1222,60),(1223,174),(1224,455),(1225,70),(1226,137),(1227,135),(1228,293),(1229,64),(1230,50),(1231,1202),(1232,78),(1233,182),(1234,78),(1235,78),(1236,183),(1237,78),(1238,78),(1239,78),(1240,148),(1241,150),(1242,243),(1243,1048),(1244,127),(1245,243),(1246,135),(1247,78),(1248,365),(1249,379),(1250,93),(1251,78),(1252,90),(1253,1055),(1254,96),(1255,182),(1256,123),(1257,127),(1258,1059),(1259,96),(1260,70),(1261,185),(1262,1201),(1263,96),(1264,239),(1265,461),(1266,397),(1267,397),(1268,56),(1269,56),(1270,179),(1271,74),(1272,51),(1273,135),(1274,481),(1275,300),(1276,466),(1277,243),(1278,1080),(1279,243),(1280,75),(1281,129),(1282,455),(1283,809),(1284,117),(1285,243),(1286,56),(1287,127),(1288,65),(1289,422),(1290,1202),(1291,56),(1292,1167),(1293,486),(1294,115),(1295,487),(1296,96),(1297,246),(1298,246),(1299,246),(1300,192),(1301,308),(1302,506),(1303,1104),(1304,217),(1305,304),(1306,150),(1307,83),(1308,83),(1309,1108),(1310,53),(1311,1225),(1312,86),(1313,65),(1314,263),(1315,243),(1316,96),(1317,85),(1318,512),(1319,512),(1320,78),(1321,47),(1322,516),(1323,53),(1324,518),(1325,379),(1326,81),(1327,182),(1328,81),(1329,119),(1330,119),(1331,525),(1332,525),(1333,46),(1334,351),(1335,315),(1336,261),(1337,320),(1338,304),(1339,304),(1340,46),(1341,78),(1342,534),(1343,48),(1344,538),(1345,96),(1346,96),(1347,96),(1348,64),(1349,200),(1350,544),(1351,70),(1352,239),(1353,274),(1354,481),(1355,78),(1356,550),(1357,64),(1358,305),(1359,246),(1360,554),(1361,819),(1362,179),(1363,225),(1364,50),(1366,48),(1367,96),(1368,70),(1369,90),(1370,208),(1371,57),(1372,207),(1373,223),(1374,0),(1376,225),(1377,222),(1378,225),(1379,50),(1380,60),(1381,127),(1385,335),(1386,315),(1387,318),(1388,317),(1389,321),(1390,320),(1391,53),(1392,358),(1393,363),(1394,46),(1395,360),(1396,85),(1397,73),(1398,200),(1399,174),(1400,371),(1401,373),(1402,374),(1403,121),(1404,120),(1405,60),(1406,117),(1407,46),(1408,119),(1409,117),(1410,444),(1411,447),(1412,146),(1413,146),(1414,146),(1415,461),(1416,143),(1417,463),(1418,46),(1419,462),(1420,465),(1421,466),(1422,174),(1423,497),(1424,497),(1425,497),(1426,496),(1427,256),(1428,66),(1429,1133),(1430,74),(1431,184),(1432,493),(1433,481),(1473,444),(1474,85),(1475,56),(1550,209),(1551,96),(1552,213),(1553,214),(1669,176),(1711,78),(1748,182),(1749,56),(1750,323),(1751,64),(1752,64),(1753,225),(1788,56),(1925,117),(1928,56),(1949,397),(1950,397),(1990,182),(2027,422),(2041,87),(2046,70),(2047,178),(2059,195),(2062,115),(2063,486),(2064,119),(2065,85),(2069,209),(2076,225),(2077,239),(2079,225),(2080,584),(2081,86),(2087,263),(2093,122),(2095,70),(2106,304),(2108,174),(2109,70),(2110,86),(2111,503),(2112,533),(2113,537),(2114,534),(2116,535),(2117,256),(2153,243),(2154,516),(2155,129),(2156,192),(2189,96),(2345,252),(2349,243),(2351,209),(2352,48),(2386,335),(2387,335),(2388,315),(2389,252),(2489,96),(2490,379),(2491,243),(2492,96),(2493,14),(2530,125),(2532,123),(2533,51),(2535,127),(2573,450),(2574,56),(2575,127),(2576,194),(2615,127),(2617,85),(2619,397),(2693,50),(2729,261),(2732,263),(2733,70),(2734,192);
/*!40000 ALTER TABLE `game_developer` ENABLE KEYS */;
UNLOCK TABLES;

--
-- Table structure for table `game_genre`
--

DROP TABLE IF EXISTS `game_genre`;
/*!40101 SET @saved_cs_client     = @@character_set_client */;
/*!40101 SET character_set_client = utf8 */;
CREATE TABLE `game_genre` (
  `game_id` int(11) NOT NULL,
  `genre_id` int(11) NOT NULL,
  UNIQUE KEY `ix_uq` (`game_id`,`genre_id`)
) ENGINE=InnoDB DEFAULT CHARSET=utf8;
/*!40101 SET character_set_client = @saved_cs_client */;

--
-- Dumping data for table `game_genre`
--

LOCK TABLES `game_genre` WRITE;
/*!40000 ALTER TABLE `game_genre` DISABLE KEYS */;
INSERT INTO `game_genre` VALUES (761,8),(762,44),(763,45),(764,8),(765,43),(766,47),(767,48),(768,49),(769,8),(770,8),(771,8),(772,53),(773,55),(774,8),(775,8),(776,8),(777,8),(778,58),(779,8),(780,8),(781,8),(782,104),(783,61),(784,104),(785,1148),(786,69),(787,8),(788,8),(789,67),(790,123),(791,8),(792,113),(793,8),(794,1121),(795,82),(796,787),(797,80),(798,789),(799,67),(800,741),(801,73),(802,101),(803,67),(804,8),(805,82),(806,53),(807,189),(808,69),(809,47),(810,61),(811,236),(812,61),(813,8),(814,8),(815,53),(816,379),(817,64),(818,8),(819,44),(820,1300),(821,67),(822,64),(823,44),(824,138),(825,138),(826,357),(827,445),(830,8),(831,172),(832,73),(833,8),(834,43),(835,103),(836,43),(837,8),(838,179),(839,175),(840,8),(841,44),(842,8),(843,81),(844,8),(845,82),(846,82),(847,82),(848,67),(849,175),(850,47),(851,189),(852,67),(853,8),(854,192),(855,8),(856,73),(857,67),(858,69),(859,192),(860,8),(861,61),(862,113),(863,8),(864,67),(865,79),(866,79),(867,8),(868,179),(869,61),(870,198),(871,8),(872,43),(873,82),(874,82),(875,82),(876,82),(877,82),(878,82),(879,44),(880,69),(881,53),(882,79),(883,73),(884,44),(885,53),(886,61),(887,44),(888,8),(889,8),(890,649),(891,43),(892,47),(893,275),(894,93),(895,138),(896,69),(897,47),(898,93),(899,44),(900,69),(901,69),(902,69),(903,69),(904,69),(905,69),(906,208),(907,8),(910,67),(911,67),(912,73),(913,61),(914,73),(915,8),(916,8),(917,47),(918,236),(919,8),(920,240),(921,93),(922,559),(923,73),(924,73),(925,69),(926,81),(927,337),(928,240),(929,73),(930,43),(931,79),(932,275),(933,69),(934,69),(935,61),(936,8),(937,64),(938,142),(939,73),(940,65),(941,319),(942,69),(943,93),(944,8),(945,104),(946,43),(947,64),(948,8),(949,198),(950,101),(951,73),(952,44),(953,61),(954,73),(955,73),(956,79),(957,44),(958,8),(959,43),(960,43),(961,113),(962,65),(963,73),(964,79),(965,58),(966,8),(967,65),(968,79),(969,189),(970,79),(971,520),(972,520),(973,8),(974,67),(975,520),(976,73),(977,113),(978,47),(979,440),(980,8),(981,8),(982,47),(983,73),(984,8),(985,179),(986,58),(987,82),(988,73),(989,64),(990,67),(991,82),(992,64),(993,82),(994,8),(995,65),(996,8),(997,67),(998,64),(999,69),(1000,44),(1001,69),(1002,64),(1003,67),(1004,73),(1005,67),(1006,73),(1007,53),(1008,79),(1009,80),(1010,64),(1011,73),(1012,81),(1013,8),(1014,273),(1015,275),(1016,189),(1017,275),(1018,8),(1019,44),(1020,44),(1021,280),(1022,47),(1023,47),(1024,47),(1025,47),(1026,47),(1027,8),(1028,79),(1029,8),(1030,43),(1031,289),(1032,65),(1033,104),(1034,104),(1035,294),(1036,8),(1037,43),(1038,8),(1039,8),(1040,8),(1041,80),(1042,294),(1043,73),(1044,69),(1045,8),(1046,73),(1047,8),(1048,64),(1049,69),(1050,69),(1051,44),(1052,44),(1053,67),(1054,67),(1055,82),(1056,289),(1057,73),(1058,93),(1059,175),(1060,82),(1061,82),(1062,82),(1063,189),(1064,189),(1065,189),(1066,189),(1067,189),(1068,189),(1069,47),(1070,69),(1071,47),(1072,47),(1073,47),(1074,138),(1075,138),(1076,138),(1077,138),(1078,138),(1079,138),(1080,138),(1081,67),(1082,520),(1083,69),(1084,8),(1085,73),(1086,337),(1087,337),(1088,93),(1089,73),(1090,53),(1091,342),(1092,346),(1093,73),(1094,80),(1095,81),(1096,73),(1097,8),(1098,236),(1099,8),(1100,351),(1101,81),(1102,81),(1103,64),(1104,73),(1105,64),(1106,104),(1107,999),(1108,999),(1109,73),(1110,67),(1111,82),(1112,73),(1113,8),(1114,58),(1115,58),(1116,8),(1117,294),(1118,61),(1119,294),(1120,8),(1121,69),(1122,8),(1123,82),(1124,82),(1125,787),(1126,294),(1127,8),(1128,82),(1129,236),(1130,236),(1131,47),(1132,138),(1133,64),(1134,8),(1135,275),(1136,69),(1137,8),(1138,337),(1139,61),(1140,81),(1141,82),(1142,67),(1143,69),(1144,8),(1145,73),(1146,73),(1147,44),(1148,69),(1149,73),(1150,58),(1151,8),(1152,93),(1153,81),(1154,69),(1155,81),(1156,81),(1157,61),(1158,79),(1159,67),(1160,82),(1161,319),(1162,58),(1163,391),(1164,44),(1165,53),(1166,44),(1167,44),(1168,43),(1169,175),(1170,82),(1171,101),(1172,103),(1173,104),(1174,104),(1175,104),(1176,104),(1177,107),(1178,111),(1179,79),(1180,8),(1181,73),(1182,61),(1183,73),(1184,79),(1185,208),(1186,69),(1187,8),(1188,73),(1189,67),(1190,79),(1191,64),(1192,79),(1193,93),(1194,125),(1195,126),(1196,127),(1197,104),(1198,58),(1199,73),(1200,131),(1201,47),(1202,67),(1203,82),(1204,82),(1205,82),(1206,82),(1207,138),(1208,69),(1209,61),(1210,69),(1211,142),(1212,93),(1213,8),(1214,58),(1215,123),(1216,93),(1217,93),(1218,93),(1219,93),(1220,93),(1221,337),(1222,104),(1223,104),(1224,79),(1225,8),(1226,258),(1227,43),(1228,73),(1229,47),(1230,138),(1231,8),(1232,8),(1233,1610),(1234,8),(1235,69),(1236,44),(1237,8),(1238,8),(1239,79),(1240,64),(1241,53),(1242,69),(1243,999),(1244,61),(1245,69),(1246,47),(1247,240),(1248,8),(1249,93),(1250,61),(1251,80),(1252,189),(1253,138),(1254,192),(1255,73),(1256,43),(1257,43),(1258,1056),(1259,192),(1260,82),(1261,1196),(1262,113),(1263,192),(1264,73),(1265,73),(1266,47),(1267,189),(1268,67),(1269,82),(1270,73),(1271,73),(1272,53),(1273,64),(1274,64),(1275,64),(1276,104),(1277,127),(1278,61),(1279,67),(1280,73),(1281,73),(1282,73),(1283,559),(1284,58),(1285,1201),(1286,8),(1287,1274),(1288,44),(1289,8),(1290,440),(1291,123),(1292,240),(1293,8),(1294,67),(1295,485),(1296,43),(1297,69),(1298,69),(1299,69),(1300,73),(1301,8),(1302,44),(1303,82),(1304,82),(1305,44),(1306,82),(1307,1104),(1308,1104),(1309,69),(1310,73),(1311,179),(1312,294),(1313,447),(1314,126),(1315,67),(1316,107),(1317,43),(1318,81),(1319,81),(1320,64),(1321,73),(1322,513),(1323,179),(1324,515),(1325,73),(1326,82),(1327,319),(1328,73),(1329,520),(1330,520),(1331,522),(1332,522),(1333,524),(1334,73),(1335,526),(1336,64),(1337,1121),(1338,513),(1339,513),(1340,1124),(1341,123),(1342,125),(1343,1128),(1344,337),(1345,319),(1346,319),(1347,319),(1348,319),(1349,540),(1350,8),(1351,73),(1352,101),(1353,44),(1354,64),(1355,80),(1356,53),(1357,8),(1358,73),(1359,8),(1360,64),(1361,123),(1362,93),(1363,189),(1364,8),(1366,275),(1367,69),(1368,8),(1369,8),(1370,8),(1371,69),(1372,8),(1373,82),(1374,43),(1375,82),(1376,43),(1377,43),(1378,43),(1379,64),(1381,138),(1383,73),(1385,289),(1386,319),(1387,73),(1388,69),(1389,73),(1390,73),(1391,8),(1392,8),(1393,73),(1394,58),(1395,357),(1396,8),(1397,73),(1398,44),(1399,69),(1400,189),(1401,93),(1402,82),(1403,67),(1404,73),(1405,8),(1406,8),(1407,113),(1408,8),(1409,8),(1410,440),(1411,8),(1412,275),(1413,275),(1414,275),(1415,73),(1416,445),(1417,8),(1418,69),(1419,73),(1420,8),(1421,342),(1422,73),(1423,65),(1424,65),(1425,65),(1426,47),(1427,253),(1428,528),(1429,208),(1430,73),(1431,8),(1432,64),(1433,64),(1473,440),(1474,67),(1475,67),(1550,8),(1551,208),(1552,142),(1553,82),(1632,79),(1669,69),(1711,575),(1748,189),(1749,189),(1750,189),(1751,189),(1752,189),(1753,189),(1788,61),(1925,8),(1928,61),(1949,47),(1950,47),(1990,73),(2027,44),(2041,47),(2046,43),(2047,179),(2059,82),(2063,704),(2064,64),(2065,8),(2069,93),(2076,65),(2077,61),(2079,65),(2080,65),(2081,67),(2087,73),(2093,67),(2095,73),(2106,44),(2108,499),(2109,61),(2110,82),(2111,53),(2112,82),(2113,43),(2114,43),(2116,65),(2117,43),(2153,378),(2154,189),(2155,440),(2156,440),(2189,357),(2345,69),(2349,93),(2351,82),(2352,73),(2356,73),(2386,289),(2387,289),(2388,440),(2389,8),(2489,58),(2490,8),(2491,101),(2492,378),(2493,379),(2530,73),(2532,73),(2533,53),(2535,73),(2573,447),(2574,79),(2575,69),(2576,67),(2615,179),(2617,73),(2619,93),(2693,82),(2729,258),(2732,259),(2733,73),(2734,73);
/*!40000 ALTER TABLE `game_genre` ENABLE KEYS */;
UNLOCK TABLES;

--
-- Table structure for table `game_publisher`
--

DROP TABLE IF EXISTS `game_publisher`;
/*!40101 SET @saved_cs_client     = @@character_set_client */;
/*!40101 SET character_set_client = utf8 */;
CREATE TABLE `game_publisher` (
  `game_id` int(11) NOT NULL,
  `publisher_id` int(11) NOT NULL,
  UNIQUE KEY `ix_uq` (`game_id`,`publisher_id`)
) ENGINE=InnoDB DEFAULT CHARSET=utf8;
/*!40101 SET character_set_client = @saved_cs_client */;

--
-- Dumping data for table `game_publisher`
--

LOCK TABLES `game_publisher` WRITE;
/*!40000 ALTER TABLE `game_publisher` DISABLE KEYS */;
INSERT INTO `game_publisher` VALUES (761,12),(762,42),(763,44),(764,45),(765,43),(766,46),(767,47),(768,42),(769,42),(770,43),(771,43),(772,43),(773,53),(774,54),(775,43),(776,43),(777,56),(778,58),(779,59),(780,47),(781,47),(782,81),(783,60),(784,81),(785,59),(786,173),(787,173),(788,67),(789,292),(790,250),(791,143),(792,731),(793,53),(794,323),(795,239),(796,301),(797,62),(798,143),(799,146),(800,146),(801,45),(802,100),(803,795),(804,307),(805,366),(806,286),(807,143),(808,53),(809,801),(810,292),(811,89),(812,99),(813,70),(814,89),(815,42),(816,366),(817,70),(818,12),(819,63),(820,81),(821,84),(822,117),(823,178),(824,414),(825,414),(826,357),(827,56),(831,59),(832,171),(833,53),(834,67),(835,173),(836,12),(837,176),(838,180),(839,173),(840,176),(841,178),(842,12),(843,81),(844,89),(845,89),(846,89),(847,89),(848,12),(849,187),(850,188),(851,67),(852,190),(853,46),(854,53),(855,80),(856,43),(857,67),(858,218),(859,53),(860,47),(861,118),(862,122),(863,47),(864,47),(865,63),(866,67),(867,43),(868,104),(869,195),(870,143),(871,92),(872,80),(873,146),(874,67),(875,100),(876,100),(877,100),(878,100),(879,68),(880,414),(881,68),(882,46),(883,123),(884,286),(885,42),(886,84),(887,62),(888,128),(889,128),(890,43),(891,534),(892,286),(893,12),(894,12),(895,12),(896,12),(897,12),(898,12),(899,63),(900,62),(901,139),(902,139),(903,44),(904,44),(905,67),(906,304),(907,126),(909,218),(910,63),(911,63),(912,232),(913,47),(914,54),(915,68),(916,118),(917,239),(918,235),(919,43),(920,67),(921,67),(922,146),(923,250),(924,562),(925,250),(926,81),(927,81),(928,67),(929,286),(930,84),(931,173),(932,63),(933,99),(934,99),(935,53),(936,63),(937,56),(938,92),(939,143),(940,689),(941,84),(942,691),(943,414),(944,307),(945,171),(946,235),(947,47),(948,70),(949,60),(950,689),(951,84),(952,62),(953,105),(954,93),(955,235),(956,747),(957,81),(958,143),(959,53),(960,53),(961,118),(962,92),(963,67),(964,235),(965,89),(966,104),(967,146),(968,56),(969,138),(970,43),(971,250),(972,250),(973,118),(974,128),(975,250),(976,366),(977,139),(978,188),(979,239),(980,46),(981,46),(982,188),(983,67),(984,80),(985,104),(986,43),(987,67),(988,43),(989,68),(990,63),(991,218),(992,62),(993,218),(994,62),(995,62),(996,62),(997,63),(998,67),(999,69),(1000,68),(1001,70),(1002,47),(1003,12),(1004,56),(1005,73),(1006,53),(1007,62),(1008,54),(1009,53),(1010,77),(1011,43),(1012,81),(1013,80),(1014,105),(1015,89),(1016,47),(1017,89),(1018,58),(1019,118),(1020,171),(1021,280),(1022,104),(1023,104),(1024,104),(1025,104),(1026,56),(1027,286),(1028,63),(1029,63),(1030,43),(1031,570),(1032,290),(1033,292),(1034,292),(1035,80),(1036,63),(1037,63),(1038,63),(1039,63),(1040,63),(1041,62),(1042,301),(1043,109),(1044,304),(1045,104),(1046,53),(1047,12),(1048,307),(1049,43),(1050,43),(1051,200),(1052,109),(1053,100),(1054,100),(1055,100),(1056,570),(1057,56),(1058,188),(1059,187),(1060,67),(1061,67),(1062,69),(1063,188),(1064,56),(1065,188),(1066,188),(1067,330),(1068,173),(1069,173),(1070,67),(1071,53),(1073,67),(1074,188),(1075,188),(1076,188),(1077,188),(1078,188),(1079,62),(1080,188),(1081,118),(1082,45),(1083,250),(1084,394),(1085,12),(1086,81),(1087,81),(1088,339),(1089,44),(1090,304),(1091,42),(1092,235),(1093,118),(1094,118),(1095,81),(1096,84),(1097,70),(1098,89),(1099,173),(1100,173),(1101,81),(1102,81),(1103,301),(1104,45),(1105,99),(1106,62),(1107,250),(1108,250),(1109,731),(1110,47),(1111,56),(1112,292),(1113,146),(1114,171),(1115,171),(1116,53),(1117,67),(1118,361),(1119,253),(1120,390),(1121,1187),(1122,70),(1123,99),(1124,176),(1125,100),(1126,253),(1127,70),(1128,247),(1129,53),(1130,70),(1131,146),(1132,84),(1133,43),(1134,43),(1135,140),(1136,56),(1137,292),(1138,104),(1139,366),(1140,81),(1141,67),(1142,84),(1143,56),(1144,47),(1145,43),(1146,80),(1147,42),(1148,89),(1149,90),(1150,45),(1151,92),(1152,93),(1153,81),(1154,89),(1155,81),(1156,81),(1157,84),(1158,99),(1159,100),(1160,218),(1161,63),(1162,390),(1163,126),(1164,178),(1165,46),(1166,178),(1167,394),(1168,395),(1169,292),(1170,104),(1171,105),(1172,46),(1173,106),(1174,62),(1175,103),(1176,109),(1177,67),(1178,70),(1179,111),(1180,12),(1181,12),(1182,290),(1183,171),(1184,53),(1185,59),(1186,414),(1187,47),(1188,93),(1189,93),(1190,93),(1191,419),(1192,58),(1193,143),(1194,126),(1195,62),(1196,128),(1197,89),(1198,117),(1199,67),(1200,131),(1201,84),(1202,68),(1203,92),(1204,62),(1205,63),(1206,63),(1207,138),(1208,139),(1209,140),(1210,62),(1211,53),(1212,84),(1213,143),(1214,143),(1215,145),(1216,146),(1217,147),(1218,84),(1219,84),(1220,301),(1221,173),(1222,122),(1223,122),(1224,80),(1225,63),(1226,77),(1227,84),(1228,290),(1229,67),(1230,47),(1231,111),(1232,62),(1233,62),(1234,62),(1235,62),(1236,62),(1237,62),(1238,62),(1239,62),(1240,12),(1241,147),(1242,146),(1243,62),(1244,118),(1245,146),(1246,62),(1247,62),(1248,235),(1249,247),(1250,92),(1251,62),(1252,80),(1253,80),(1254,747),(1255,67),(1256,62),(1257,118),(1258,180),(1259,747),(1260,63),(1261,1197),(1262,62),(1263,747),(1264,111),(1265,145),(1266,394),(1267,394),(1268,53),(1269,53),(1270,173),(1271,93),(1272,62),(1273,62),(1274,62),(1275,62),(1276,104),(1277,56),(1278,145),(1279,358),(1280,105),(1281,126),(1282,286),(1283,56),(1284,58),(1285,62),(1286,53),(1287,62),(1288,689),(1289,70),(1290,111),(1291,53),(1292,1200),(1293,307),(1294,67),(1295,366),(1296,366),(1297,68),(1298,68),(1299,68),(1300,126),(1301,199),(1302,109),(1303,69),(1304,100),(1305,109),(1306,147),(1307,81),(1308,81),(1309,62),(1310,43),(1311,103),(1312,84),(1313,62),(1314,366),(1315,67),(1316,67),(1317,143),(1318,504),(1319,504),(1320,62),(1321,93),(1322,414),(1323,43),(1324,247),(1325,56),(1326,301),(1327,109),(1328,307),(1329,250),(1330,250),(1331,307),(1332,307),(1333,301),(1334,70),(1335,171),(1336,117),(1337,69),(1338,173),(1339,173),(1340,301),(1341,62),(1342,235),(1343,44),(1344,43),(1345,93),(1346,93),(1347,93),(1348,67),(1349,195),(1350,292),(1351,63),(1352,68),(1353,80),(1354,304),(1355,62),(1356,239),(1357,47),(1358,53),(1359,250),(1360,45),(1361,54),(1362,173),(1363,188),(1364,47),(1366,44),(1367,67),(1368,63),(1369,199),(1370,63),(1371,200),(1372,143),(1373,218),(1374,188),(1376,188),(1377,188),(1378,188),(1379,47),(1381,118),(1383,56),(1385,570),(1386,171),(1387,103),(1388,314),(1389,44),(1390,69),(1391,43),(1392,301),(1393,173),(1394,301),(1395,357),(1396,358),(1397,70),(1398,42),(1399,122),(1400,369),(1401,131),(1402,54),(1403,118),(1404,117),(1405,56),(1406,58),(1407,80),(1408,111),(1409,58),(1410,441),(1411,143),(1412,143),(1413,143),(1414,143),(1415,43),(1416,445),(1417,99),(1418,301),(1419,99),(1420,143),(1421,43),(1422,122),(1423,304),(1424,494),(1425,494),(1426,146),(1427,253),(1428,253),(1429,253),(1430,93),(1431,80),(1432,145),(1433,117),(1473,441),(1474,67),(1475,53),(1550,62),(1551,69),(1552,128),(1553,210),(1669,250),(1711,62),(1748,93),(1749,53),(1750,323),(1751,67),(1752,67),(1753,188),(1788,361),(1925,58),(1928,53),(1949,394),(1950,394),(1990,93),(2027,63),(2041,63),(2046,63),(2047,80),(2059,46),(2063,307),(2064,250),(2065,235),(2069,62),(2076,103),(2077,68),(2079,103),(2080,188),(2081,84),(2087,56),(2093,118),(2095,63),(2106,109),(2108,122),(2109,63),(2110,84),(2111,304),(2112,218),(2113,534),(2114,235),(2116,80),(2117,173),(2153,307),(2154,414),(2155,126),(2156,103),(2189,357),(2345,247),(2349,62),(2351,62),(2352,44),(2356,68),(2386,570),(2387,570),(2388,171),(2389,67),(2489,56),(2490,56),(2491,67),(2492,357),(2493,180),(2530,122),(2532,105),(2533,42),(2535,62),(2573,80),(2574,53),(2575,118),(2576,146),(2615,464),(2617,93),(2619,394),(2693,47),(2729,42),(2732,84),(2733,63),(2734,103);
/*!40000 ALTER TABLE `game_publisher` ENABLE KEYS */;
UNLOCK TABLES;

--
-- Table structure for table `game_status_info`
--

DROP TABLE IF EXISTS `game_status_info`;
/*!40101 SET @saved_cs_client     = @@character_set_client */;
/*!40101 SET character_set_client = utf8 */;
CREATE TABLE `game_status_info` (
  `id` int(11) NOT NULL AUTO_INCREMENT,
  `user_id` int(11) DEFAULT NULL,
  `status_type` int(11) DEFAULT NULL,
  PRIMARY KEY (`id`)
) ENGINE=InnoDB DEFAULT CHARSET=utf8;
/*!40101 SET character_set_client = @saved_cs_client */;

--
-- Dumping data for table `game_status_info`
--

LOCK TABLES `game_status_info` WRITE;
/*!40000 ALTER TABLE `game_status_info` DISABLE KEYS */;
/*!40000 ALTER TABLE `game_status_info` ENABLE KEYS */;
UNLOCK TABLES;

--
-- Table structure for table `game_status_type`
--

DROP TABLE IF EXISTS `game_status_type`;
/*!40101 SET @saved_cs_client     = @@character_set_client */;
/*!40101 SET character_set_client = utf8 */;
CREATE TABLE `game_status_type` (
  `id` int(11) NOT NULL AUTO_INCREMENT,
  `type` varchar(45) DEFAULT NULL,
  PRIMARY KEY (`id`)
) ENGINE=InnoDB AUTO_INCREMENT=6 DEFAULT CHARSET=utf8;
/*!40101 SET character_set_client = @saved_cs_client */;

--
-- Dumping data for table `game_status_type`
--

LOCK TABLES `game_status_type` WRITE;
/*!40000 ALTER TABLE `game_status_type` DISABLE KEYS */;
INSERT INTO `game_status_type` VALUES (1,'Started'),(2,'Completed'),(3,'Dropped'),(4,'Interested'),(5,'Plan to Play');
/*!40000 ALTER TABLE `game_status_type` ENABLE KEYS */;
UNLOCK TABLES;

--
-- Table structure for table `game_system`
--

DROP TABLE IF EXISTS `game_system`;
/*!40101 SET @saved_cs_client     = @@character_set_client */;
/*!40101 SET character_set_client = utf8 */;
CREATE TABLE `game_system` (
  `id` int(11) NOT NULL AUTO_INCREMENT,
  `game_id` int(11) DEFAULT NULL,
  `system_id` int(11) DEFAULT NULL,
  PRIMARY KEY (`id`)
) ENGINE=InnoDB AUTO_INCREMENT=6 DEFAULT CHARSET=utf8;
/*!40101 SET character_set_client = @saved_cs_client */;

--
-- Dumping data for table `game_system`
--

LOCK TABLES `game_system` WRITE;
/*!40000 ALTER TABLE `game_system` DISABLE KEYS */;
INSERT INTO `game_system` VALUES (1,1,1),(2,1,2),(3,1,3),(4,2,3),(5,2,2);
/*!40000 ALTER TABLE `game_system` ENABLE KEYS */;
UNLOCK TABLES;

--
-- Table structure for table `genre_info`
--

DROP TABLE IF EXISTS `genre_info`;
/*!40101 SET @saved_cs_client     = @@character_set_client */;
/*!40101 SET character_set_client = utf8 */;
CREATE TABLE `genre_info` (
  `id` int(11) NOT NULL AUTO_INCREMENT,
  `genre` varchar(255) DEFAULT NULL,
  PRIMARY KEY (`id`),
  UNIQUE KEY `genre_UNIQUE` (`genre`)
) ENGINE=InnoDB AUTO_INCREMENT=3136 DEFAULT CHARSET=utf8;
/*!40101 SET character_set_client = @saved_cs_client */;

--
-- Dumping data for table `genre_info`
--

LOCK TABLES `genre_info` WRITE;
/*!40000 ALTER TABLE `genre_info` DISABLE KEYS */;
INSERT INTO `genre_info` VALUES (126,'3D Shooter'),(73,'Action'),(55,'Action Platformer'),(53,'Action Role-playing'),(127,'Action, Adventure'),(351,'Action, Racing'),(540,'Action, side scroller, platformer'),(258,'Action-adventure'),(524,'Action-platformer'),(107,'Action/Compilation'),(79,'Action/Platformer'),(275,'Action/Puzzle'),(58,'Adventure'),(1128,'Adventure (movie based)'),(1121,'Arcade Compilation'),(575,'Art Tool'),(93,'Baseball'),(189,'Basketball'),(67,'Beat \'Em Up'),(741,'Beat \'Em Up/Platformer'),(103,'Billiards'),(175,'Board Game'),(445,'Bowling'),(240,'Boxing'),(379,'Boxing, Fighting'),(1274,'Breakout'),(526,'Cabal Shooter'),(1056,'Card Game'),(236,'Cinematic Platformer'),(1196,'Combat Flight Simulator'),(559,'Compilation'),(1610,'Cricket'),(1300,'Dungeon Crawler/Action Role-playing'),(289,'Educational'),(378,'Educational Action'),(48,'Educational Animator'),(357,'Educational Platformer'),(522,'Educational strategy'),(82,'Fighting'),(208,'First-Person Shooter'),(440,'Fishing'),(1124,'Flight sim'),(1148,'Flight Simulation/Shoot \'em Up'),(47,'Football'),(447,'Gambling'),(520,'Game Show'),(65,'Golf'),(138,'Hockey'),(45,'Isometric Shoot \'em Up'),(273,'Jet Flight Simulation'),(499,'Jet Flight Simulator'),(80,'Light Gun Shooter'),(131,'Multidirectional Shooter'),(346,'Olympics'),(999,'Pinball'),(8,'Platformer'),(192,'Platformer/Run and Gun'),(649,'Platformer/Strategy'),(64,'Puzzle'),(111,'Puzzle, Platformer'),(69,'Racing'),(789,'Racing/Vehicular Combat'),(101,'Rail Shooter'),(1201,'Rail Shooter, Light Gun Shooter'),(294,'Real-time Strategy'),(342,'Real-time Tactics'),(44,'Role-playing'),(528,'Rugby'),(142,'Run and Gun'),(61,'Scrolling Shooter'),(179,'Shoot \'em Up'),(280,'Shooting Simulator'),(704,'Side scroller'),(259,'Side-scrolling Strategy'),(104,'Simulation'),(1104,'Simulation, Role-playing'),(49,'Simulation/Platformer'),(485,'Skiing/Snowboarding'),(43,'Soccer'),(253,'Soccer Management'),(513,'Space Flight Simulator'),(123,'Sports'),(515,'Sports (ice hockey)'),(125,'Sports Compilation'),(337,'Strategy'),(391,'Strategy, Scrolling Shooter'),(113,'Tennis'),(81,'Turn-based Strategy'),(787,'Vehicular combat'),(198,'Volleyball'),(172,'War/Action Simulator'),(319,'Wrestling');
/*!40000 ALTER TABLE `genre_info` ENABLE KEYS */;
UNLOCK TABLES;

--
-- Table structure for table `publisher`
--

DROP TABLE IF EXISTS `publisher`;
/*!40101 SET @saved_cs_client     = @@character_set_client */;
/*!40101 SET character_set_client = utf8 */;
CREATE TABLE `publisher` (
  `id` int(11) NOT NULL AUTO_INCREMENT,
  `name` varchar(45) DEFAULT NULL,
  PRIMARY KEY (`id`),
  UNIQUE KEY `name_UNIQUE` (`name`)
) ENGINE=InnoDB AUTO_INCREMENT=3137 DEFAULT CHARSET=utf8;
/*!40101 SET character_set_client = @saved_cs_client */;

--
-- Dumping data for table `publisher`
--

LOCK TABLES `publisher` WRITE;
/*!40000 ALTER TABLE `publisher` DISABLE KEYS */;
INSERT INTO `publisher` VALUES (280,''),(122,'Absolute Entertainment'),(67,'Acclaim Entertainment'),(390,'Acclaim Entertainment/Sunsoft'),(414,'Accolade'),(292,'Activision'),(504,'Advanced Productions'),(239,'American Sammy'),(111,'American Softworks'),(190,'American Technōs'),(419,'ASCII Entertainment'),(195,'Asmik Ace Entertainment'),(99,'Atlus'),(100,'Bandai'),(103,'Black Pearl Software'),(304,'Bullet-Proof Software'),(63,'Capcom'),(147,'Culture Brain'),(59,'Cybersoft'),(46,'Data East'),(289,'Davidson & Associates'),(199,'Disney Interactive'),(54,'DTMC'),(188,'EA Sports'),(366,'Electro Brain'),(104,'Electronic Arts'),(534,'Elite'),(200,'Elite Systems'),(42,'Enix'),(691,'Entertainment International UK'),(180,'Extreme Entertainment Group'),(109,'FCI'),(358,'Fox Interactive'),(250,'GameTek'),(138,'GTE Interactive Media'),(689,'HAL Laboratory'),(330,'HAL Laboratory / Nintendo'),(307,'Hi Tech Expressions'),(441,'Hot-B'),(143,'Hudson Soft'),(232,'Human Entertainment'),(90,'IGS'),(253,'Imagineer'),(58,'Infogrames'),(89,'Interplay Entertainment'),(92,'Irem'),(84,'Jaleco'),(286,'JVC'),(747,'JVC / LucasArts'),(176,'Kaneko'),(68,'Kemco'),(81,'Koei'),(53,'Konami'),(131,'Left Field Productions'),(314,'Life Fitness Entertainment'),(93,'LJN'),(562,'Majesco Entertainment'),(126,'Malibu Games'),(369,'Mandingo Entertainment'),(106,'Maxis Software'),(1197,'MicroProse'),(323,'Midway Games'),(173,'Mindscape'),(795,'Motown Software'),(301,'Namco'),(171,'Natsume'),(62,'Nintendo'),(140,'NTVIC'),(43,'Ocean Software'),(361,'Palcom'),(187,'Parker Brothers'),(128,'Playmates'),(77,'Psygnosis'),(1187,'Rage Software'),(357,'Raya Systems'),(395,'Renegade Software'),(210,'Renovation Products'),(339,'Romstar'),(73,'Seika Corporaption'),(145,'Seika Corporation'),(44,'SETA'),(1200,'Sofel'),(12,'Sony Imagesoft'),(117,'Spectrum Holobyte'),(178,'Square'),(47,'Sunsoft'),(494,'T&E Software'),(118,'Taito'),(218,'Takara'),(445,'Technōs Japan'),(731,'TecMagik'),(394,'Tecmo'),(570,'The Software Toolworks'),(56,'THQ'),(247,'Time Warner Interactive'),(70,'Titus Software'),(290,'Toho'),(464,'Toshiba EMI'),(146,'Tradewest'),(123,'Triffix'),(235,'U.S. Gold'),(139,'Ubisoft'),(45,'Viacom New Media'),(105,'Vic Tokai'),(60,'Video System'),(80,'Virgin Interactive'),(801,'Visual Concepts'),(69,'Williams Entertainment');
/*!40000 ALTER TABLE `publisher` ENABLE KEYS */;
UNLOCK TABLES;

--
-- Table structure for table `review`
--

DROP TABLE IF EXISTS `review`;
/*!40101 SET @saved_cs_client     = @@character_set_client */;
/*!40101 SET character_set_client = utf8 */;
CREATE TABLE `review` (
  `id` int(11) NOT NULL AUTO_INCREMENT,
  `user_id` int(11) DEFAULT NULL,
  `game_id` int(11) DEFAULT NULL,
  `review_text` mediumtext,
  `review_score` int(10) DEFAULT NULL,
  PRIMARY KEY (`id`)
) ENGINE=InnoDB AUTO_INCREMENT=2 DEFAULT CHARSET=utf8;
/*!40101 SET character_set_client = @saved_cs_client */;

--
-- Dumping data for table `review`
--

LOCK TABLES `review` WRITE;
/*!40000 ALTER TABLE `review` DISABLE KEYS */;
INSERT INTO `review` VALUES (1,1,1,'game is good',10);
/*!40000 ALTER TABLE `review` ENABLE KEYS */;
UNLOCK TABLES;

--
-- Table structure for table `system_info`
--

DROP TABLE IF EXISTS `system_info`;
/*!40101 SET @saved_cs_client     = @@character_set_client */;
/*!40101 SET character_set_client = utf8 */;
CREATE TABLE `system_info` (
  `id` int(11) NOT NULL AUTO_INCREMENT,
  `name` varchar(45) DEFAULT NULL,
  `year` varchar(45) DEFAULT NULL,
  `publisher` varchar(45) DEFAULT NULL,
  `art` blob,
  PRIMARY KEY (`id`)
) ENGINE=InnoDB AUTO_INCREMENT=4 DEFAULT CHARSET=utf8;
/*!40101 SET character_set_client = @saved_cs_client */;

--
-- Dumping data for table `system_info`
--

LOCK TABLES `system_info` WRITE;
/*!40000 ALTER TABLE `system_info` DISABLE KEYS */;
INSERT INTO `system_info` VALUES (1,'Super Nintendo','1991','Nintendo',NULL),(2,'PS2','2000','Sony',NULL),(3,'Gamecube','2001','Nintendo',NULL);
/*!40000 ALTER TABLE `system_info` ENABLE KEYS */;
UNLOCK TABLES;

--
-- Table structure for table `user`
--

DROP TABLE IF EXISTS `user`;
/*!40101 SET @saved_cs_client     = @@character_set_client */;
/*!40101 SET character_set_client = utf8 */;
CREATE TABLE `user` (
  `id` int(11) NOT NULL AUTO_INCREMENT,
  `user_type` int(11) DEFAULT NULL,
  `username` varchar(45) DEFAULT NULL,
  `user_join_date` date DEFAULT NULL,
  `email` varchar(45) DEFAULT NULL,
  `salt` varchar(2056) DEFAULT NULL,
  `password` varchar(2056) DEFAULT NULL,
  PRIMARY KEY (`id`)
) ENGINE=InnoDB AUTO_INCREMENT=7 DEFAULT CHARSET=utf8;
/*!40101 SET character_set_client = @saved_cs_client */;

--
-- Dumping data for table `user`
--

LOCK TABLES `user` WRITE;
/*!40000 ALTER TABLE `user` DISABLE KEYS */;
INSERT INTO `user` VALUES (1,4,'admin',NULL,'admin@videogamedb.com','0',NULL),(2,4,'samuelio',NULL,'samuelio@videogamedb.com','0',NULL),(3,1,'\'sam\'','2015-07-23','\'samueliox@gmail.com\'','269fb3f61347aa9d','3e02e87cd5b5e3fbb7ffbb55b5c0df1ea498d3228049156b01afb8a8f8e5cac97cbc435e74eb5b290d9cb9e90eaca39c1a415f75be723c7077e94b7781dd5cc5'),(4,1,'sam','2017-05-28','samueliox@gmail.com','724cbb5d46ef4ed0','c9959dc3772b160d561eb65b122e1f0a8a6a313f69c4ff618e67f95ee711e2261890bc980981653164dc166a3e6e450fbc2bbfa16d9bf10322aabdbdc94a43bb'),(5,1,'samtest','2017-05-31','samtest@gmail.com','88ef899fbde8ffda','7e959dc5aa46d08e5f51bbc9f8b2eb97ae94625606d595709c36edb861a5ae97404336787cec11c2ce4f4aa1e5665e72b2e9b2a8bf4915b2d191cd40d9d9edd5'),(6,1,'samtest1','2017-06-01','samtest1@gmail.com','ce3e74447f2e8558','afb2e0fe9b69f856f47338e9e7b0dd8a80207c90f2ce98facf2677cb24cacd8a022ac5d89e9b42190907d17389de07c8554f44fb8252e43019431bc7b3c73eb9');
/*!40000 ALTER TABLE `user` ENABLE KEYS */;
UNLOCK TABLES;

--
-- Table structure for table `video_game_info`
--

DROP TABLE IF EXISTS `video_game_info`;
/*!40101 SET @saved_cs_client     = @@character_set_client */;
/*!40101 SET character_set_client = utf8 */;
CREATE TABLE `video_game_info` (
  `id` int(11) NOT NULL AUTO_INCREMENT,
  `name` varchar(255) DEFAULT NULL,
  `boxart` blob,
  `release_date` date DEFAULT NULL,
  PRIMARY KEY (`id`),
  UNIQUE KEY `name_UNIQUE` (`name`)
) ENGINE=InnoDB AUTO_INCREMENT=2784 DEFAULT CHARSET=utf8;
/*!40101 SET character_set_client = @saved_cs_client */;

--
-- Dumping data for table `video_game_info`
--

LOCK TABLES `video_game_info` WRITE;
/*!40000 ALTER TABLE `video_game_info` DISABLE KEYS */;
INSERT INTO `video_game_info` VALUES (761,'3 Ninjas Kick Back',NULL,'1994-06-19'),(762,'The 7th Saga',NULL,'1993-08-03'),(763,'A.S.P. Air Strike Patrol\n                    •Desert FighterEU',NULL,'1995-01-01'),(764,'AAAHH!!! Real Monsters',NULL,'1995-08-15'),(765,'90 Minutes European Prime Goal',NULL,'1995-12-20'),(766,'ABC Monday Night Football',NULL,'1993-12-07'),(767,'Acme Animation Factory',NULL,'1994-11-05'),(768,'ActRaiser',NULL,'1991-11-01'),(769,'ActRaiser 2',NULL,'1993-11-16'),(770,'The Addams Family',NULL,'1992-03-10'),(771,'The Addams Family: Pugsley\'s Scavenger Hunt',NULL,'1993-02-23'),(772,'Addams Family Values',NULL,'1995-02-14'),(773,'The Adventures of Batman & Robin',NULL,'1994-12-01'),(774,'The Adventures of Dr. Franken',NULL,'1993-12-01'),(775,'The Adventures of Kid Kleets\n                    •Soccer KidEU',NULL,'1993-12-01'),(776,'The Adventures of Mighty Max',NULL,'1995-02-07'),(777,'The Adventures of Rocky and Bullwinkle and Friends',NULL,'1993-06-01'),(778,'The Adventures of Tintin: Prisoners of the Sun',NULL,'1997-02-09'),(779,'Adventures of Yogi Bear\n                    •Yogi Bear\'s Cartoon CaperEU',NULL,'1994-10-01'),(780,'Aero the Acro-Bat',NULL,'1993-10-12'),(781,'Aero the Acro-Bat 2',NULL,'1994-11-01'),(782,'Aerobiz',NULL,'1993-02-02'),(783,'Aero Fighters',NULL,'1994-11-01'),(784,'Aerobiz Supersonic',NULL,'1994-08-29'),(785,'Air Cavalry',NULL,'1995-06-20'),(786,'Al Unser Jr.\'s Road to the Top',NULL,'1994-11-01'),(787,'Alfred Chicken',NULL,'1994-02-01'),(788,'Alien 3',NULL,'1993-05-17'),(789,'Alien vs Predator',NULL,'1993-09-04'),(790,'American Gladiators',NULL,'1993-04-13'),(791,'An American Tail: Fievel Goes West',NULL,'1994-08-30'),(792,'Andre Agassi Tennis',NULL,'1994-05-31'),(793,'Animaniacs',NULL,'1994-11-01'),(794,'Arcade\'s Greatest Hits: The Atari Collection 1',NULL,'1997-08-30'),(795,'Battle Blaze',NULL,'1993-10-19'),(796,'Battle Cars',NULL,'1993-10-11'),(797,'Battle Clash',NULL,'1992-10-01'),(798,'Battle Grand Prix',NULL,'1993-04-20'),(799,'Battletoads & Double Dragon',NULL,'1993-12-01'),(800,'Battletoads in Battlemaniacs',NULL,'1993-06-29'),(801,'Beavis and Butt-head',NULL,'1994-11-01'),(802,'Bazooka Blitzkrieg\n                    •DestructiveJap',NULL,'1992-12-31'),(803,'Bébé\'s Kids',NULL,'1994-04-19'),(804,'Beethoven: The Ultimate Canine Caper\n                    •Beethoven\'s 2ndEU',NULL,'1993-12-17'),(805,'Best of the Best: Championship Karate',NULL,'1993-11-24'),(806,'Big Sky Trooper',NULL,'1995-10-10'),(807,'Bill Laimbeer\'s Combat Basketball',NULL,'1991-12-01'),(808,'Biker Mice from Mars',NULL,'1994-12-01'),(809,'Bill Walsh College Football',NULL,'1993-06-01'),(810,'BioMetal',NULL,'1993-06-01'),(811,'Blackthorne\n                    •BlackhawkEU',NULL,'1995-08-10'),(812,'BlaZeon: The Bio-Cyborg Challenge',NULL,'1992-10-27'),(813,'The Blues Brothers',NULL,'1993-06-01'),(814,'Boogerman: A Pick and Flick Adventure',NULL,'1995-09-15'),(815,'Brain Lord',NULL,'1994-10-01'),(816,'Boxing Legends of the Ring\n                    •Chavez IIMX',NULL,'1994-11-01'),(817,'The Brainies',NULL,'1996-04-02'),(818,'Bram Stoker\'s Dracula',NULL,'1993-01-01'),(819,'Breath of Fire II',NULL,'1995-12-10'),(820,'Brandish',NULL,'1995-02-28'),(821,'Brawl Brothers\n                    •Brawl Brothers: Rival Turf! 2EU',NULL,'1993-04-13'),(822,'BreakThru!',NULL,'1994-06-01'),(823,'Breath of Fire',NULL,'1994-08-10'),(824,'Brett Hull Hockey',NULL,'1994-01-11'),(825,'Brett Hull Hockey \'95',NULL,'1994-09-09'),(826,'Bronkie the Bronchiasaurus',NULL,'1995-09-26'),(827,'Brunswick World: Tournament of Champions',NULL,'1997-08-12'),(828,'Brutal: Paws of Fury',NULL,'1994-12-06'),(829,'Bubsy in Claws Encounters of the Furred Kind',NULL,'1993-05-01'),(830,'Bubsy 2',NULL,'1994-04-03'),(831,'Carrier Aces',NULL,'1995-01-01'),(832,'Casper',NULL,'1996-12-01'),(833,'Castlevania: Dracula X\n                    •Castlevania: Vampire\'s KissEU',NULL,'1995-09-01'),(834,'Champions World Class Soccer',NULL,'1994-11-04'),(835,'Championship Pool',NULL,'1993-11-03'),(836,'Championship Soccer \'94\n                    •Sensible Soccer: International EditionEU',NULL,'1994-06-23'),(837,'Chester Cheetah: Wild Wild Quest',NULL,'1994-03-01'),(838,'Choplifter III',NULL,'1994-01-01'),(839,'The Chessmaster',NULL,'1991-09-01'),(840,'Chester Cheetah: Too Cool to Fool',NULL,'1992-12-02'),(841,'Chrono Trigger',NULL,'1995-08-22'),(842,'Chuck Rock',NULL,'1992-11-01'),(843,'Civilization',NULL,'1995-06-30'),(844,'Claymates',NULL,'1993-04-26'),(845,'ClayFighter',NULL,'1993-11-30'),(846,'ClayFighter: Tournament Edition',NULL,'1994-11-22'),(847,'ClayFighter 2: Judgment Clay',NULL,'1995-01-01'),(848,'Cliffhanger',NULL,'1993-10-25'),(849,'Clue',NULL,'1992-07-01'),(850,'College Football USA \'97: The Road to New Orleans',NULL,'1996-06-01'),(851,'College Slam',NULL,'1996-01-31'),(852,'The Combatribes',NULL,'1993-03-01'),(853,'Congo\'s Caper',NULL,'1993-05-01'),(854,'Contra III: The Alien Wars\n                    •Super Probotector: Alien RebelsEU',NULL,'1992-04-06'),(855,'Cool Spot',NULL,'1993-09-01'),(856,'Cool World',NULL,'1993-02-01'),(857,'Cutthroat Island',NULL,'1996-03-01'),(858,'Cyber Spin',NULL,'1992-11-01'),(859,'Cybernator',NULL,'1993-04-04'),(860,'Daffy Duck: The Marvin Missions',NULL,'1993-10-01'),(861,'Darius Twin',NULL,'1991-11-30'),(862,'David Crane\'s Amazing Tennis',NULL,'1992-11-05'),(863,'Daze Before Christmas',NULL,'1994-11-01'),(864,'The Death and Return of Superman',NULL,'1994-08-01'),(865,'Demon\'s Crest',NULL,'1994-11-01'),(866,'Demolition Man',NULL,'1995-08-01'),(867,'Dennis the Menace\n                    •DennisEU',NULL,'1993-12-01'),(868,'Desert Strike: Return to the Gulf',NULL,'1992-10-01'),(869,'D-Force',NULL,'1991-12-31'),(870,'Dig & Spike Volleyball',NULL,'1993-12-01'),(871,'DinoCity',NULL,'1992-09-04'),(872,'Dino Dini\'s Soccer',NULL,'1994-11-10'),(873,'Double Dragon V: The Shadow Falls',NULL,'1994-08-05'),(874,'Dragon: The Bruce Lee Story',NULL,'1995-07-01'),(875,'Dragon Ball Z: Super Butōden',NULL,'1993-11-30'),(876,'Dragon Ball Z: Hyper Dimension',NULL,'1996-12-31'),(877,'Dragon Ball Z: Super Butōden 2',NULL,'1994-01-01'),(878,'Dragon Ball Z: Super Butōden 3',NULL,'1994-11-29'),(879,'Drakkhen',NULL,'1991-09-01'),(880,'The Duel: Test Drive II',NULL,'1992-12-01'),(881,'Dragon View',NULL,'1994-11-17'),(882,'Dragon\'s Lair',NULL,'1993-02-01'),(883,'Dream TV',NULL,'1994-04-01'),(884,'Dungeon Master',NULL,'1993-06-01'),(885,'E.V.O.: Search for Eden',NULL,'1993-07-15'),(886,'Earth Defense Force',NULL,'1992-01-01'),(887,'EarthBound',NULL,'1995-06-05'),(888,'Earthworm Jim',NULL,'1994-10-02'),(889,'Earthworm Jim 2',NULL,'1996-01-01'),(890,'Eek! The Cat',NULL,'1994-08-01'),(891,'Elite Soccer\n                    •World Cup StrikerEU',NULL,'1994-01-01'),(892,'Emmitt Smith Football',NULL,'1995-11-01'),(893,'Equinox',NULL,'1994-03-05'),(894,'ESPN Baseball Tonight',NULL,'1994-05-01'),(895,'ESPN National Hockey Night',NULL,'1994-12-01'),(896,'ESPN Speed World',NULL,'1994-11-30'),(897,'ESPN Sunday Night NFL',NULL,'1994-11-10'),(898,'Extra Innings',NULL,'1992-03-20'),(899,'Eye of the Beholder',NULL,'1994-04-01'),(900,'F-Zero',NULL,'1991-08-23'),(901,'F1 Pole Position',NULL,'1993-09-03'),(902,'F1 Pole Position 2',NULL,'1993-12-29'),(903,'F1 ROC: Race of Champions\n                    •Exhaust HeatEU',NULL,'1992-09-01'),(904,'F1 ROC II: Race of Champions',NULL,'1994-07-01'),(905,'F1 World Championship Edition',NULL,'1995-01-01'),(906,'Faceball 2000',NULL,'1992-09-30'),(907,'Family Dog',NULL,'1993-06-23'),(908,'Family Feud',NULL,'1993-09-13'),(909,'Fatal Fury: King of Fighters',NULL,'1993-04-01'),(910,'Final Fight 3',NULL,'1996-01-01'),(911,'Final Fight Guy',NULL,'1994-06-01'),(912,'The Firemen',NULL,'1994-12-31'),(913,'Firepower 2000\n                    •Super SWIVEU',NULL,'1992-11-13'),(914,'Firestriker',NULL,'1994-10-20'),(915,'First Samurai',NULL,'1993-07-02'),(916,'The Flintstones: The Treasure of Sierra Madrock',NULL,'1994-03-01'),(917,'Football Fury',NULL,'1993-10-01'),(918,'Flashback: The Quest for Identity\n                    •FlashbackEU',NULL,'1994-02-01'),(919,'The Flintstones',NULL,'1995-02-01'),(920,'Foreman For Real',NULL,'1995-09-01'),(921,'Frank Thomas\' Big Hurt Baseball',NULL,'1995-11-01'),(922,'Fun \'n Games',NULL,'1994-08-01'),(923,'Frantic Flea',NULL,'1996-04-01'),(924,'Frogger',NULL,'1998-10-06'),(925,'Full Throttle: All-American Racing',NULL,'1995-01-01'),(926,'Gemfire',NULL,'1992-12-01'),(927,'Genghis Khan II: Clan of the Gray Wolf',NULL,'1993-12-01'),(928,'George Foreman\'s KO Boxing',NULL,'1992-09-01'),(929,'Ghoul Patrol',NULL,'1994-11-01'),(930,'Goal!\n                    •Super Goal!EU',NULL,'1992-12-07'),(931,'Gods',NULL,'1992-12-31'),(932,'Goof Troop',NULL,'1993-07-11'),(933,'GP-1',NULL,'1993-10-29'),(934,'GP-1: Part II',NULL,'1994-12-01'),(935,'Gradius III',NULL,'1991-08-23'),(936,'The Great Circus Mystery Starring Mickey & Minnie',NULL,'1994-10-16'),(937,'The Great Waldo Search',NULL,'1993-06-01'),(938,'GunForce',NULL,'1992-11-27'),(939,'Hagane: The Final Conflict',NULL,'1995-06-01'),(940,'Hal\'s Hole in One Golf',NULL,'1991-09-15'),(941,'HammerLock Wrestling',NULL,'1994-10-01'),(942,'Hanna Barbera\'s Turbo Toons',NULL,'1994-10-01'),(943,'Hardball III',NULL,'1994-06-01'),(944,'Harley\'s Humongous Adventure',NULL,'1993-02-01'),(945,'Harvest Moon',NULL,'1997-06-25'),(946,'Head-On Soccer\n                    •Fever Pitch SoccerEU',NULL,'1995-09-01'),(947,'Hebereke\'s Popoitto',NULL,'1995-09-30'),(948,'Incantation',NULL,'1996-12-01'),(949,'Hyper V-Ball',NULL,'1994-06-01'),(950,'Hyper Zone',NULL,'1991-09-01'),(951,'The Ignition Factor',NULL,'1995-01-01'),(952,'Illusion of Gaia\n                    •Illusion of TimeEU',NULL,'1994-09-01'),(953,'Imperium',NULL,'1992-11-01'),(954,'The Incredible Crash Dummies',NULL,'1993-10-01'),(955,'The Incredible Hulk',NULL,'1994-08-01'),(956,'Indiana Jones\' Greatest Adventures',NULL,'1994-10-11'),(957,'Inindo: Way of the Ninja',NULL,'1993-03-01'),(958,'Inspector Gadget',NULL,'1993-12-01'),(959,'International Superstar Soccer',NULL,'1995-06-01'),(960,'International Superstar Soccer Deluxe',NULL,'1995-11-01'),(961,'International Tennis Tour',NULL,'1993-11-01'),(962,'The Irem Skins Game\n                    •The Irem Major TitleEU',NULL,'1992-10-01'),(963,'The Itchy & Scratchy Game',NULL,'1995-03-01'),(964,'Izzy\'s Quest for the Olympic Rings',NULL,'1995-11-01'),(965,'J.R.R. Tolkien\'s The Lord of the Rings, Vol. I',NULL,'1994-10-01'),(966,'James Pond 3: Operation Starfish',NULL,'1993-01-01'),(967,'Jack Nicklaus Golf',NULL,'1992-05-15'),(968,'James Bond Jr.',NULL,'1992-10-01'),(969,'Jammit',NULL,'1994-11-01'),(970,'Jelly Boy',NULL,'1995-01-01'),(971,'Jeopardy!',NULL,'1992-12-01'),(972,'Jeopardy! Deluxe Edition',NULL,'1994-06-01'),(973,'The Jetsons: Invasion of the Planet Pirates',NULL,'1994-06-01'),(974,'Jim Lee\'s WildC.A.T.S: Covert Action Teams',NULL,'1995-11-01'),(975,'Jeopardy! Sports Edition',NULL,'1994-05-01'),(976,'Jim Power: The Lost Dimension in 3-D',NULL,'1993-12-10'),(977,'Jimmy Connors Pro Tennis Tour',NULL,'1992-12-01'),(978,'John Madden Football',NULL,'1991-11-01'),(979,'Jimmy Houston\'s Bass Tournament U.S.A.',NULL,'1995-11-01'),(980,'Joe & Mac\n                    •Joe & Mac: Caveman NinjaEU',NULL,'1992-01-07'),(981,'Joe & Mac 2: Lost in the Tropics\n                    •Joe & Mac 3: Lost in the TropicsEU',NULL,'1994-04-01'),(982,'John Madden Football \'93',NULL,'1992-11-21'),(983,'Judge Dredd',NULL,'1995-01-01'),(984,'The Jungle Book',NULL,'1994-04-15'),(985,'Jungle Strike',NULL,'1995-01-01'),(986,'Jurassic Park',NULL,'1993-11-30'),(987,'Justice League Task Force',NULL,'1995-06-01'),(988,'Jurassic Park 2: The Chaos Continues',NULL,'1995-01-01'),(989,'Ka-Blooey',NULL,'1992-08-31'),(990,'The King of Dragons',NULL,'1994-01-01'),(991,'King of the Monsters',NULL,'1992-10-01'),(992,'Kirby\'s Avalanche\n                    •Kirby\'s Ghost TrapEU',NULL,'1995-04-25'),(993,'King of the Monsters 2',NULL,'1994-06-01'),(994,'Kirby Super Star\n                    •Kirby\'s Fun PakEU',NULL,'1996-09-20'),(995,'Kirby\'s Dream Course',NULL,'1995-02-28'),(996,'Kirby\'s Dream Land 3',NULL,'1997-11-27'),(997,'Knights of the Round',NULL,'1994-04-01'),(998,'Krusty\'s Super Fun House',NULL,'1992-06-01'),(999,'Kyle Petty\'s No Fear Racing',NULL,'1995-04-01'),(1000,'Lagoon',NULL,'1992-02-01'),(1001,'Lamborghini American Challenge',NULL,'1993-01-01'),(1002,'Lemmings',NULL,'1992-03-01'),(1003,'Last Action Hero',NULL,'1993-10-01'),(1004,'The Lawnmower Man',NULL,'1993-11-08'),(1005,'Legend',NULL,'1994-04-01'),(1006,'The Legend of the Mystical Ninja',NULL,'1992-06-30'),(1007,'The Legend of Zelda: A Link to the Past',NULL,'1992-04-13'),(1008,'Lester the Unlikely',NULL,'1994-01-01'),(1009,'Lethal Enforcers',NULL,'1994-01-01'),(1010,'Lemmings 2: The Tribes',NULL,'1994-11-01'),(1011,'Lethal Weapon',NULL,'1992-12-31'),(1012,'Liberty or Death',NULL,'1994-03-18'),(1013,'The Lion King',NULL,'1994-12-08'),(1014,'Lock On\n                    •Super Air DiverEU',NULL,'1993-10-01'),(1015,'The Lost Vikings',NULL,'1993-04-29'),(1016,'Looney Tunes B-Ball\n                    •Looney Tunes BasketballEU',NULL,'1995-02-01'),(1017,'The Lost Vikings 2',NULL,'1997-05-04'),(1018,'Lucky Luke',NULL,'1997-10-27'),(1019,'Lufia & the Fortress of Doom',NULL,'1993-12-01'),(1020,'Lufia II: Rise of the Sinistrals\n                    •LufiaEU',NULL,'1996-08-31'),(1021,'M.A.C.S. Basic Rifle Marksmanship',NULL,'1993-01-01'),(1022,'Madden NFL \'94',NULL,'1993-11-19'),(1023,'Madden NFL \'95',NULL,'1994-11-01'),(1024,'Madden NFL \'96',NULL,'1995-11-10'),(1025,'Madden NFL 97',NULL,'1996-10-01'),(1026,'Madden NFL 98',NULL,'1997-11-02'),(1027,'Magic Boy',NULL,'1996-08-01'),(1028,'Magic Sword',NULL,'1992-08-14'),(1029,'The Magical Quest Starring Mickey Mouse',NULL,'1992-12-23'),(1030,'Manchester United Championship Soccer\n                    •Lothar Matthäus Super SoccerGER',NULL,'1995-01-01'),(1031,'Mario is Missing!',NULL,'1993-06-01'),(1032,'Mecarobot Golf',NULL,'1993-09-01'),(1033,'MechWarrior',NULL,'1993-05-01'),(1034,'MechWarrior 3050',NULL,'1995-10-01'),(1035,'Mega Lo Mania',NULL,'1994-12-31'),(1036,'Mega Man 7',NULL,'1995-09-30'),(1037,'Mega Man Soccer',NULL,'1994-04-02'),(1038,'Mega Man X2',NULL,'1995-01-06'),(1039,'Mega Man X',NULL,'1994-01-19'),(1040,'Mega Man X3',NULL,'1996-01-04'),(1041,'Metal Combat: Falcon\'s Revenge',NULL,'1993-12-01'),(1042,'Metal Marines',NULL,'1993-12-01'),(1043,'Metal Morph',NULL,'1994-12-01'),(1044,'Michael Andretti\'s Indy Car Challenge',NULL,'1994-09-01'),(1045,'Michael Jordan: Chaos in the Windy City',NULL,'1994-11-21'),(1046,'Metal Warriors',NULL,'1995-04-01'),(1047,'Mickey Mania: The Timeless Adventures of Mickey Mouse',NULL,'1994-10-01'),(1048,'Mickey\'s Ultimate Challenge',NULL,'1994-02-01'),(1049,'Micro Machines',NULL,'1994-12-01'),(1050,'Micro Machines 2: Turbo Tournament',NULL,'1996-02-22'),(1051,'Might and Magic II: Gates to Another World',NULL,'1993-01-01'),(1052,'Might and Magic III: Isles of Terra',NULL,'1995-01-01'),(1053,'Mighty Morphin Power Rangers',NULL,'1995-01-01'),(1054,'Mighty Morphin Power Rangers: The Movie',NULL,'1995-01-01'),(1055,'Mighty Morphin Power Rangers Fighting Edition',NULL,'1995-01-01'),(1056,'Miracle Piano',NULL,'1991-12-31'),(1057,'Mohawk & Headphone Jack',NULL,'1996-01-01'),(1058,'MLBPA Baseball',NULL,'1994-03-01'),(1059,'Monopoly',NULL,'1992-09-01'),(1060,'Mortal Kombat',NULL,'1993-09-13'),(1061,'Mortal Kombat II',NULL,'1994-09-09'),(1062,'Mortal Kombat 3',NULL,'1995-10-13'),(1063,'NBA Live 97',NULL,'1996-01-01'),(1064,'NBA Live 98',NULL,'1997-06-17'),(1065,'NBA Live 96',NULL,'1995-01-01'),(1066,'NBA Showdown',NULL,'1993-10-01'),(1067,'NCAA Basketball\n                    •World League BasketballEU',NULL,'1992-10-01'),(1068,'NCAA Final Four Basketball',NULL,'1995-02-01'),(1069,'NCAA Football',NULL,'1994-10-01'),(1070,'Newman/Haas IndyCar featuring Nigel Mansell',NULL,'1994-01-01'),(1071,'NFL Football',NULL,'1993-01-01'),(1072,'NFL Quarterback Club',NULL,'1994-01-01'),(1073,'NFL Quarterback Club 96',NULL,'1995-01-01'),(1074,'NHL 94',NULL,'1993-01-01'),(1075,'NHL 96',NULL,'1995-10-26'),(1076,'NHL 95',NULL,'1994-01-01'),(1077,'NHL 97',NULL,'1996-10-31'),(1078,'NHL 98',NULL,'1997-10-23'),(1079,'NHL Stanley Cup\n                    •Super HockeyEU',NULL,'1993-01-01'),(1080,'NHLPA Hockey \'93',NULL,'1992-12-31'),(1081,'Ninja Warriors\n                    •Ninja Warriors: The New GenerationEU',NULL,'1994-01-01'),(1082,'Nickelodeon Guts',NULL,'1994-11-01'),(1083,'Nigel Mansell\'s World Championship Racing',NULL,'1993-01-01'),(1084,'Ninja Gaiden Trilogy',NULL,'1995-08-10'),(1085,'No Escape',NULL,'1994-11-01'),(1086,'Nobunaga\'s Ambition',NULL,'1993-12-01'),(1087,'Nobunaga\'s Ambition: Lord of Darkness',NULL,'1994-01-01'),(1088,'Nolan Ryan\'s Baseball',NULL,'1992-02-28'),(1089,'Nosferatu',NULL,'1995-10-01'),(1090,'Obitus',NULL,'1994-09-01'),(1091,'Ogre Battle: March of the Black Queen',NULL,'1995-05-15'),(1092,'Olympic Summer Games',NULL,'1996-01-01'),(1093,'On the Ball',NULL,'1992-11-01'),(1094,'Operation Thunderbolt',NULL,'1994-10-01'),(1095,'Operation Europe: Path to Victory',NULL,'1994-06-01'),(1096,'Operation Logic Bomb',NULL,'1993-01-01'),(1097,'Oscar',NULL,'1996-01-01'),(1098,'Out of This World\n                    •Another WorldEU',NULL,'1992-11-01'),(1099,'Out to Lunch',NULL,'1993-01-01'),(1100,'Outlander',NULL,'1993-01-01'),(1101,'P.T.O.: Pacific Theater of Operations',NULL,'1993-09-01'),(1102,'P.T.O. II: Pacific Theater of Operations',NULL,'1995-12-01'),(1103,'Pac-Attack',NULL,'1993-01-01'),(1104,'Phantom 2040',NULL,'1995-01-01'),(1105,'Pieces',NULL,'1994-12-01'),(1106,'Pilotwings',NULL,'1991-08-23'),(1107,'Pinball Dreams',NULL,'1994-01-01'),(1108,'Pinball Fantasies',NULL,'1995-01-01'),(1109,'Pink Goes to Hollywood',NULL,'1993-01-01'),(1110,'Pirates of Dark Water',NULL,'1994-01-01'),(1111,'Pit-Fighter',NULL,'1992-03-01'),(1112,'Pitfall: The Mayan Adventure',NULL,'1994-01-01'),(1113,'Plok',NULL,'1993-01-01'),(1114,'Pocky & Rocky',NULL,'1993-01-01'),(1115,'Pocky & Rocky 2',NULL,'1994-01-01'),(1116,'Pop\'n TwinBee: Rainbow Bell Adventures',NULL,'1994-01-01'),(1117,'Populous',NULL,'1991-09-30'),(1118,'Pop\'n TwinBee',NULL,'1993-01-01'),(1119,'Populous II: Trials of the Olympian Gods',NULL,'1993-01-22'),(1120,'Porky Pig\'s Haunted Holiday',NULL,'1995-01-01'),(1121,'Power Drive',NULL,'1994-01-01'),(1122,'Power Piggs of the Dark Age',NULL,'1996-01-01'),(1123,'Power Instinct',NULL,'1994-12-01'),(1124,'Power Moves',NULL,'1993-01-01'),(1125,'Power Rangers Zeo: Battle Racers',NULL,'1996-01-01'),(1126,'Powermonger',NULL,'1993-01-01'),(1127,'Prehistorik Man',NULL,'1996-01-01'),(1128,'Primal Rage',NULL,'1995-01-01'),(1129,'Prince of Persia',NULL,'1992-11-01'),(1130,'Prince of Persia 2: The Shadow and the Flame',NULL,'1996-10-01'),(1131,'Pro Quarterback',NULL,'1992-12-31'),(1132,'Pro Sport Hockey',NULL,'1994-02-01'),(1133,'Pushover',NULL,'1992-12-31'),(1134,'Putty Squad',NULL,'1994-01-01'),(1135,'Q*bert 3',NULL,'1992-10-01'),(1136,'Race Drivin\'',NULL,'1992-10-01'),(1137,'Radical Rex',NULL,'1994-01-01'),(1138,'Rampart',NULL,'1992-08-01'),(1139,'Raiden Trad',NULL,'1992-04-01'),(1140,'Rise of the Phoenix',NULL,'1995-01-01'),(1141,'Rise of the Robots',NULL,'1994-01-01'),(1142,'Rival Turf!',NULL,'1992-12-23'),(1143,'Road Riot 4WD',NULL,'1992-11-01'),(1144,'Road Runner\'s Death Valley Rally\n                    •Looney Tunes: Road RunnerEU',NULL,'1992-11-01'),(1145,'RoboCop 3',NULL,'1992-09-01'),(1146,'RoboCop Versus The Terminator',NULL,'1993-01-01'),(1147,'Robotrek\n                    SlapstickJap',NULL,'1994-01-01'),(1148,'Rock n\' Roll Racing',NULL,'1993-06-04'),(1149,'The Rocketeer',NULL,'1992-05-01'),(1150,'Rocko\'s Modern Life: Spunky\'s Dangerous Day',NULL,'1994-01-01'),(1151,'Rocky Rodent',NULL,'1993-01-01'),(1152,'Roger Clemens\' MVP Baseball',NULL,'1992-09-12'),(1153,'Romance of the Three Kingdoms III: Dragon of Destiny',NULL,'1993-12-01'),(1154,'RPM Racing',NULL,'1991-11-01'),(1155,'Romance of the Three Kingdoms II',NULL,'1992-05-01'),(1156,'Romance of the Three Kingdoms IV: Wall of Fire',NULL,'1995-07-01'),(1157,'R-Type III: The Third Lightning',NULL,'1994-08-02'),(1158,'Run Saber',NULL,'1993-06-08'),(1159,'Sailor Moon',NULL,'1994-01-01'),(1160,'Samurai Shodown\n                    •Samurai SpiritsJPN',NULL,'1994-09-14'),(1161,'Saturday Night Slam Masters\n                    •Muscle BomberJPN',NULL,'1994-01-01'),(1162,'Scooby-Doo Mystery',NULL,'1995-01-01'),(1163,'SeaQuest DSV',NULL,'1995-01-01'),(1164,'Secret of Evermore',NULL,'1995-10-01'),(1165,'Shadowrun',NULL,'1993-05-01'),(1166,'Secret of Mana',NULL,'1993-10-03'),(1167,'Secret of the Stars',NULL,'1995-01-01'),(1168,'Sensible Soccer',NULL,'1992-02-14'),(1169,'Shanghai II: Dragon\'s Eye',NULL,'1993-01-01'),(1170,'Shaq Fu',NULL,'1994-10-28'),(1171,'Shien\'s Revenge',NULL,'1994-01-01'),(1172,'Side Pocket',NULL,'1993-01-01'),(1173,'SimAnt',NULL,'1993-01-01'),(1174,'SimCity',NULL,'1991-08-23'),(1175,'SimCity 2000',NULL,'1996-01-01'),(1176,'SimEarth',NULL,'1993-01-01'),(1177,'The Simpsons: Bart\'s Nightmare',NULL,'1992-10-12'),(1178,'Sink or Swim',NULL,'1996-01-31'),(1179,'Sküljagger: Revolt of the Westicans',NULL,'1992-10-01'),(1180,'Skyblazer',NULL,'1994-03-16'),(1181,'Smart Ball',NULL,'1992-03-01'),(1182,'Space Megaforce\n                    •Super AlesteEU',NULL,'1992-10-30'),(1183,'Spanky\'s Quest',NULL,'1992-07-01'),(1184,'Sparkster',NULL,'1994-10-01'),(1185,'Spectre',NULL,'1994-01-01'),(1186,'Speed Racer in My Most Dangerous Adventures',NULL,'1994-01-01'),(1187,'Speedy Gonzales: Los Gatos Bandidos',NULL,'1995-01-01'),(1188,'Spider-Man: The Animated Series',NULL,'1995-01-01'),(1189,'Spider-Man and Venom: Maximum Carnage',NULL,'1994-09-16'),(1190,'Spider-Man and the X-Men in Arcade\'s Revenge',NULL,'1992-11-01'),(1191,'Spindizzy Worlds',NULL,'1993-01-01'),(1192,'Spirou',NULL,'1995-01-01'),(1193,'The Sporting News: Power Baseball',NULL,'1995-01-01'),(1194,'Sports Illustrated: Championship Football & Baseball\n                    •All-American Championship FootballEU',NULL,'1994-01-01'),(1195,'Star Fox\n                    •StarwingEU',NULL,'1993-03-23'),(1196,'Star Trek: Deep Space Nine: The Crossroads of Time',NULL,'1995-01-01'),(1197,'Star Trek: Starfleet Academy Starship Bridge Simulator',NULL,'1994-01-01'),(1198,'Star Trek: The Next Generation: Future\'s Past',NULL,'1994-01-01'),(1199,'Stargate',NULL,'1995-01-01'),(1200,'Steel Talons',NULL,'1993-01-01'),(1201,'Sterling Sharpe: End 2 End',NULL,'1995-01-01'),(1202,'Stone Protectors',NULL,'1994-01-01'),(1203,'Street Combat\n                    •Ranma ½: Chōnai GekitōhenJPN',NULL,'1993-01-01'),(1204,'Street Fighter Alpha 2\n                    •Street Fighter Zero 2JPN',NULL,'1996-11-01'),(1205,'Street Fighter II: The World Warrior',NULL,'1992-07-01'),(1206,'Street Fighter II Turbo: Hyper Fighting',NULL,'1993-08-13'),(1207,'Street Hockey \'95',NULL,'1994-01-01'),(1208,'Street Racer',NULL,'1994-01-01'),(1209,'Strike Gunner S.T.G\n                    •Super Strike GunnerEU',NULL,'1992-10-15'),(1210,'Stunt Race FX',NULL,'1994-10-10'),(1211,'Sunset Riders',NULL,'1993-06-08'),(1212,'Super Bases Loaded',NULL,'1991-09-30'),(1213,'Super Adventure Island',NULL,'1992-04-01'),(1214,'Super Adventure Island II',NULL,'1995-05-10'),(1215,'The Super Aquatic Games Starring the Aquabats\n                    •James Pond\'s Crazy SportsEU',NULL,'1993-01-01'),(1216,'Super Baseball 2020',NULL,'1993-01-01'),(1217,'Super Baseball Simulator 1.000',NULL,'1991-12-01'),(1218,'Super Bases Loaded 2',NULL,'1994-01-01'),(1219,'Super Bases Loaded 3: License to Steal',NULL,'1995-01-01'),(1220,'Super Batter Up',NULL,'1992-10-01'),(1221,'Super Battleship',NULL,'1993-01-01'),(1222,'Garry Kitchen\'s Super Battletank: War in the Gulf\n                    •Super BattletankEU',NULL,'1992-06-01'),(1223,'Super Battletank 2',NULL,'1994-01-11'),(1224,'Super Dany',NULL,'1994-01-01'),(1225,'Super Ghouls \'n Ghosts',NULL,'1991-11-28'),(1226,'Super Dropzone',NULL,'1995-01-01'),(1227,'Super Goal! 2',NULL,'1994-01-01'),(1228,'Super Godzilla',NULL,'1994-01-01'),(1229,'Super High Impact',NULL,'1993-01-01'),(1230,'Super Ice Hockey',NULL,'1994-01-01'),(1231,'Super James Pond\n                    •Super James Pond IIEU',NULL,'1993-01-01'),(1232,'Super Mario All-Stars',NULL,'1993-08-01'),(1233,'Super International Cricket',NULL,'1994-01-01'),(1234,'Super Mario All-Stars + Super Mario World',NULL,'1994-01-01'),(1235,'Super Mario Kart',NULL,'1992-09-01'),(1236,'Super Mario RPG: Legend of the Seven Stars',NULL,'1996-05-13'),(1237,'Super Mario World',NULL,'1991-08-13'),(1238,'Super Mario World 2: Yoshi\'s Island',NULL,'1995-10-04'),(1239,'Super Metroid',NULL,'1994-04-18'),(1240,'Super Morph',NULL,'1993-01-01'),(1241,'Super Ninja Boy',NULL,'1993-01-01'),(1242,'Super Off Road: The Baja',NULL,'1993-07-02'),(1243,'Super Pinball: Behind the Mask',NULL,'1994-01-01'),(1244,'Super Nova',NULL,'1993-01-01'),(1245,'Super Off Road',NULL,'1991-12-01'),(1246,'Super Play Action Football',NULL,'1992-01-01'),(1247,'Super Punch-Out!!',NULL,'1994-09-14'),(1248,'Super Putty',NULL,'1993-01-01'),(1249,'Super R.B.I. Baseball',NULL,'1995-01-01'),(1250,'Super R-Type',NULL,'1991-09-01'),(1251,'Super Scope 6\n                    •Nintendo Scope 6EU',NULL,'1992-02-01'),(1252,'Super Slam Dunk',NULL,'1993-01-01'),(1253,'Super Slap Shot',NULL,'1993-01-01'),(1254,'Super Star Wars: The Empire Strikes Back',NULL,'1993-06-01'),(1255,'Super Smash TV',NULL,'1992-01-01'),(1256,'Super Soccer',NULL,'1992-05-01'),(1257,'Super Soccer Champ\n                    •Euro Football ChampEU',NULL,'1992-06-01'),(1258,'Super Solitaire',NULL,'1994-01-01'),(1259,'Super Star Wars',NULL,'1992-06-01'),(1260,'Super Street Fighter II: The New Challengers',NULL,'1994-07-18'),(1261,'Super Strike Eagle',NULL,'1993-01-01'),(1262,'Super Tennis',NULL,'1991-11-02'),(1263,'Super Star Wars: Return of the Jedi',NULL,'1994-06-22'),(1264,'Super Troll Islands',NULL,'1994-01-01'),(1265,'Super Turrican',NULL,'1993-01-01'),(1266,'Tecmo Super Bowl III: Final Edition',NULL,'1995-01-01'),(1267,'Tecmo Super NBA Basketball',NULL,'1993-01-01'),(1268,'Teenage Mutant Ninja Turtles IV: Turtles in Time\n                    •Teenage Mutant Hero Turtles IV: Turtles in TimeEU',NULL,'1992-08-15'),(1269,'Teenage Mutant Ninja Turtles: Tournament Fighters\n                    •Teenage Mutant Hero Turtles: Tournament FightersEU',NULL,'1993-01-01'),(1270,'The Terminator',NULL,'1993-01-01'),(1271,'Terminator 2: Judgment Day',NULL,'1993-01-01'),(1272,'Terranigma',NULL,'1996-12-19'),(1273,'Tetris & Dr. Mario',NULL,'1994-12-30'),(1274,'Tetris 2',NULL,'1994-01-01'),(1275,'Tetris Attack',NULL,'1996-08-04'),(1276,'Theme Park',NULL,'1994-01-01'),(1277,'Thomas the Tank Engine & Friends',NULL,'1993-08-02'),(1278,'Thunder Spirits',NULL,'1992-06-01'),(1279,'The Tick',NULL,'1994-01-01'),(1280,'Time Slip',NULL,'1993-01-01'),(1281,'Time Trax',NULL,'1994-01-01'),(1282,'Timecop',NULL,'1995-01-01'),(1283,'Timon & Pumbaa\'s Jungle Games',NULL,'1997-11-30'),(1284,'Tintin in Tibet',NULL,'1995-01-01'),(1285,'Tin Star',NULL,'1994-01-01'),(1286,'Tiny Toon Adventures: Buster Busts Loose',NULL,'1993-01-01'),(1287,'Arkanoid: Doh It Again',NULL,'1997-10-01'),(1288,'Arcana',NULL,'1992-05-05'),(1289,'Ardy Lightfoot',NULL,'1993-06-01'),(1290,'TNN Bass Tournament of Champions',NULL,'1994-01-01'),(1291,'Tiny Toon Adventures: Wacky Sports Challenge\n                    •Tiny Toon Adventures: Wild & Wacky SportsEU',NULL,'1994-01-01'),(1292,'TKO Super Championship Boxing',NULL,'1992-10-01'),(1293,'Tom and Jerry',NULL,'1993-01-01'),(1294,'Todd McFarlane\'s Spawn: The Video Game',NULL,'1995-01-01'),(1295,'Tommy Moe\'s Winter Extreme: Skiing & Snowboarding\n                    •Val d\'Isere ChampionshipEU',NULL,'1994-01-01'),(1296,'Tony Meola\'s Sidekicks Soccer\n                    •Super CopaBRA\n                    •World SoccerEU',NULL,'1993-01-01'),(1297,'Top Gear',NULL,'1992-04-16'),(1298,'Top Gear 2',NULL,'1993-08-08'),(1299,'Top Gear 3000',NULL,'1995-01-01'),(1300,'Total Carnage',NULL,'1993-01-01'),(1301,'Toy Story',NULL,'1995-12-31'),(1302,'Ultima VI: The False Prophet',NULL,'1994-01-01'),(1303,'Ultimate Mortal Kombat 3',NULL,'1996-06-26'),(1304,'Ultraman: Towards the Future',NULL,'1991-10-19'),(1305,'Ultima VII: The Black Gate',NULL,'1994-01-01'),(1306,'Ultimate Fighter',NULL,'1994-01-01'),(1307,'Uncharted Waters',NULL,'1993-01-01'),(1308,'Uncharted Waters: New Horizons',NULL,'1994-01-01'),(1309,'Uniracers\n                    •UnirallyEU',NULL,'1994-06-01'),(1310,'Untouchables',NULL,'1994-01-01'),(1311,'Urban Strike',NULL,'1995-01-01'),(1312,'Utopia: The Creation of a Nation',NULL,'1993-01-01'),(1313,'Vegas Stakes',NULL,'1993-01-01'),(1314,'Vortex',NULL,'1994-01-01'),(1315,'Venom/Spider-Man: Separation Anxiety',NULL,'1995-01-01'),(1316,'Virtual Bart',NULL,'1994-09-26'),(1317,'Virtual Soccer',NULL,'1993-01-01'),(1318,'War 2410',NULL,'1995-12-01'),(1319,'War 3010: The Revolution',NULL,'1996-10-01'),(1320,'Wario\'s Woods',NULL,'1994-12-10'),(1321,'Warlock',NULL,'1995-03-01'),(1322,'WarpSpeed',NULL,'1992-12-01'),(1323,'Waterworld',NULL,'1995-01-01'),(1324,'Wayne Gretzky and the NHLPA All-Stars',NULL,'1995-12-01'),(1325,'Wayne\'s World',NULL,'1993-04-01'),(1326,'Weaponlord',NULL,'1995-09-01'),(1327,'WCW SuperBrawl Wrestling',NULL,'1994-11-01'),(1328,'We\'re Back! A Dinosaur\'s Story',NULL,'1993-11-01'),(1329,'Wheel of Fortune: Featuring Vanna White',NULL,'1992-09-01'),(1330,'Wheel of Fortune Deluxe!',NULL,'1994-04-01'),(1331,'Where in the World Is Carmen Sandiego?',NULL,'1993-06-01'),(1332,'Where in Time is Carmen Sandiego?',NULL,'1993-05-01'),(1333,'Whirlo',NULL,'1992-01-01'),(1334,'Whizz',NULL,'1996-11-01'),(1335,'Wild Guns',NULL,'1995-07-04'),(1336,'WildSnake',NULL,'1994-09-01'),(1337,'Williams Arcade\'s Greatest Hits',NULL,'1996-10-31'),(1338,'Wing Commander',NULL,'1992-03-01'),(1339,'Wing Commander: The Secret Missions',NULL,'1993-09-01'),(1340,'Wings 2: Aces High\n                    •Blazing SkiesEU',NULL,'1992-10-01'),(1341,'Winter Gold',NULL,'1996-11-28'),(1342,'Winter Olympic Games: Lillehammer \'94',NULL,'1994-02-01'),(1343,'The Wizard of Oz',NULL,'1993-10-05'),(1344,'Worms',NULL,'1996-09-29'),(1345,'WWF RAW',NULL,'1994-11-01'),(1346,'WWF Royal Rumble',NULL,'1993-06-08'),(1347,'WWF Super WrestleMania',NULL,'1992-02-12'),(1348,'WWF WrestleMania: The Arcade Game',NULL,'1995-11-01'),(1349,'Xardion',NULL,'1992-04-01'),(1350,'X-Kaliber 2097',NULL,'1994-02-01'),(1351,'X-Men: Mutant Apocalypse',NULL,'1994-11-01'),(1352,'X-Zone',NULL,'1992-11-01'),(1353,'Young Merlin',NULL,'1994-03-18'),(1354,'Yoshi\'s Cookie',NULL,'1993-04-01'),(1355,'Yoshi\'s Safari',NULL,'1993-09-03'),(1356,'Ys III: Wanderers from Ys',NULL,'1992-01-10'),(1357,'Zero the Kamikaze Squirrel',NULL,'1994-11-01'),(1358,'Zombies Ate My Neighbors\n                    •ZombiesEU',NULL,'1993-09-24'),(1359,'Zool',NULL,'1993-06-01'),(1360,'Zoop',NULL,'1995-09-15'),(1361,'California Games 2',NULL,'1993-01-01'),(1362,'Cal Ripken Jr. Baseball',NULL,'1992-12-01'),(1363,'Bulls versus Blazers and the NBA Playoffs',NULL,'1992-12-01'),(1364,'Bugs Bunny Rabbit Rampage',NULL,'1994-02-15'),(1365,'Bust-a-Move\n                    •Puzzle BobbleEU',NULL,'1995-03-01'),(1366,'Cacoma Knight in Bizyland',NULL,'1993-06-01'),(1367,'Dirt Trax FX',NULL,'1995-06-16'),(1368,'Disney\'s Aladdin',NULL,'1993-11-21'),(1369,'Disney\'s Pinocchio',NULL,'1996-11-01'),(1370,'Disney\'s Bonkers',NULL,'1994-12-15'),(1371,'Dirt Racer',NULL,'1995-05-31'),(1372,'Disney\'s Beauty and the Beast',NULL,'1994-07-01'),(1373,'Fatal Fury Special',NULL,'1995-04-01'),(1374,'FIFA Soccer 96',NULL,'1995-07-01'),(1375,'Fatal Fury 2',NULL,'1994-04-01'),(1376,'FIFA 97: Gold Edition',NULL,'1996-09-06'),(1377,'FIFA International Soccer',NULL,'1994-05-01'),(1378,'FIFA: Road to World Cup 98',NULL,'1997-09-03'),(1379,'Hebereke\'s Popoon',NULL,'1994-02-22'),(1380,'Home Alone 2: Lost in New York',NULL,'1992-10-01'),(1381,'Hit the Ice',NULL,'1993-02-01'),(1383,'Home Alone',NULL,'1991-12-30'),(1385,'Mario\'s Early Years! Fun with Numbers',NULL,'1994-10-01'),(1386,'Natsume Championship Wrestling',NULL,'1994-06-01'),(1387,'Mr. Do!',NULL,'1996-12-01'),(1388,'Mountain Bike Rally\n                    •Cannondale Cup',NULL,'1994-11-01'),(1389,'Musya',NULL,'1992-12-31'),(1390,'Ms. Pac-Man',NULL,'1996-09-01'),(1391,'Mr. Nutz',NULL,'1994-01-01'),(1392,'Pac-In-Time',NULL,'1995-01-01'),(1393,'Paperboy 2',NULL,'1991-11-01'),(1394,'Pac-Man 2: The New Adventures',NULL,'1994-01-01'),(1395,'Packy and Marlon',NULL,'1995-06-01'),(1396,'The Pagemaster',NULL,'1994-01-01'),(1397,'Realm',NULL,'1996-01-01'),(1398,'Paladin\'s Quest',NULL,'1993-10-01'),(1399,'Redline F-1 Racer\n                    •Aguri Suzuki F-1 Super DrivingEU',NULL,'1993-01-01'),(1400,'Rap Jam: Volume One',NULL,'1995-01-01'),(1401,'Relief Pitcher',NULL,'1994-01-01'),(1402,'Ranma ½: Hard Battle\n                    •Ranma ½EU',NULL,'1993-01-01'),(1403,'Sonic Blast Man',NULL,'1993-01-01'),(1404,'Soldiers of Fortune\n                    •The Chaos EngineEU',NULL,'1993-01-01'),(1405,'The Ren & Stimpy Show: Buckaroo$!',NULL,'1993-01-01'),(1406,'The Smurfs Travel The World',NULL,'1994-12-31'),(1407,'Smash Tennis',NULL,'1993-01-01'),(1408,'Snow White: Happily Ever After',NULL,'1994-01-01'),(1409,'The Smurfs',NULL,'1994-01-01'),(1410,'Super Black Bass',NULL,'1993-01-01'),(1411,'Super Bonk\n                    •Super B.C. KidEU',NULL,'1994-01-01'),(1412,'Super Bomberman 2',NULL,'1994-12-12'),(1413,'Super Bomberman 3',NULL,'1995-10-15'),(1414,'Super Bomberman',NULL,'1993-05-10'),(1415,'Super Turrican 2',NULL,'1995-01-01'),(1416,'Super Bowling',NULL,'1992-09-01'),(1417,'Super Widget',NULL,'1993-01-01'),(1418,'Suzuka 8 Hours',NULL,'1994-01-01'),(1419,'Super Valis IV',NULL,'1993-02-01'),(1420,'SWAT Kats: The Radical Squadron',NULL,'1995-08-21'),(1421,'Syndicate',NULL,'1995-01-01'),(1422,'Toys',NULL,'1993-01-01'),(1423,'True Golf: Wicked 18',NULL,'1993-01-01'),(1424,'True Golf Classics: Waialae Country Club',NULL,'1991-11-30'),(1425,'True Golf Classics: Pebble Beach Golf Links',NULL,'1992-04-01'),(1426,'Troy Aikman NFL Football',NULL,'1994-01-01'),(1427,'Kevin Keegan\'s Player Manager\n                    •K.H. Rummenigge\'s Player ManagerGER',NULL,'1993-01-01'),(1428,'World Class Rugby',NULL,'1993-01-01'),(1429,'Wolfenstein 3D',NULL,'1994-03-01'),(1430,'Wolverine: Adamantium Rage',NULL,'1994-11-01'),(1431,'Wolfchild',NULL,'1993-06-01'),(1432,'Troddlers',NULL,'1993-01-01'),(1433,'Wordtris',NULL,'1992-11-01'),(1471,'Art of Fighting',NULL,'1993-12-01'),(1472,'Asterix',NULL,'1993-05-30'),(1473,'Bassin\'s Black Bass with Hank Parker',NULL,'1994-11-01'),(1474,'Batman Forever',NULL,'1995-10-26'),(1475,'Batman Returns',NULL,'1993-05-31'),(1550,'Donkey Kong Country 3: Dixie Kong\'s Double Trouble!',NULL,'1996-11-22'),(1551,'Doom',NULL,'1995-09-01'),(1552,'Doom Troopers',NULL,'1995-11-15'),(1553,'Doomsday Warrior',NULL,'1993-04-30'),(1632,'Home Improvement: Power Tool Pursuit!',NULL,'1994-11-01'),(1669,'Kawasaki Caribbean Challenge',NULL,'1993-06-01'),(1711,'Mario Paint',NULL,'1992-08-01'),(1748,'NBA All-Star Challenge',NULL,'1992-12-31'),(1749,'NBA Give \'n Go',NULL,'1995-01-01'),(1750,'NBA Hangtime',NULL,'1996-01-01'),(1751,'NBA Jam',NULL,'1994-01-01'),(1752,'NBA Jam Tournament Edition',NULL,'1995-01-01'),(1753,'NBA Live 95',NULL,'1994-01-01'),(1788,'Parodius: Non-Sense Fantasy',NULL,'1992-01-01'),(1925,'Asterix & Obelix',NULL,'1996-05-01'),(1928,'Axelay',NULL,'1992-09-14'),(1949,'Tecmo Super Bowl',NULL,'1993-01-01'),(1950,'Tecmo Super Bowl II: Special Edition',NULL,'1995-01-01'),(1990,'True Lies',NULL,'1995-01-01'),(2027,'Wizardry V: Heart of the Maelstrom',NULL,'1994-04-01'),(2041,'Capcom\'s MVP Football',NULL,'1992-06-01'),(2046,'Capcom\'s Soccer Shootout',NULL,'1994-09-15'),(2047,'Cannon Fodder',NULL,'1994-01-01'),(2059,'Fighter\'s History',NULL,'1994-08-01'),(2062,'Hook',NULL,'1992-10-13'),(2063,'The Hunt for Red October',NULL,'1993-01-01'),(2064,'The Humans',NULL,'1993-12-31'),(2065,'Hurricanes',NULL,'1994-12-31'),(2066,'Hungry Dinosaurs',NULL,'1995-01-03'),(2068,'Kick Off',NULL,'1993-01-01'),(2069,'Ken Griffey Jr.\'s Winning Run',NULL,'1996-06-10'),(2076,'PGA Tour 96',NULL,'1996-01-31'),(2077,'Phalanx',NULL,'1992-10-01'),(2079,'PGA European Tour',NULL,'1996-01-01'),(2080,'PGA Tour Golf',NULL,'1992-03-01'),(2081,'The Peace Keepers',NULL,'1994-03-01'),(2087,'The Ren & Stimpy Show: Fire Dogs',NULL,'1994-01-01'),(2093,'Sonic Blast Man II',NULL,'1994-01-01'),(2095,'Super Buster Bros.\n                    •Super PangEU',NULL,'1992-10-01'),(2106,'Ultima: Runes of Virtue II',NULL,'1994-01-01'),(2108,'Turn and Burn: No-Fly Zone',NULL,'1994-01-01'),(2109,'U.N. Squadron',NULL,'1991-09-09'),(2110,'Tuff E Nuff',NULL,'1993-01-01'),(2111,'The Twisted Tales of Spike McFang',NULL,'1994-01-01'),(2112,'World Heroes 2',NULL,'1994-09-01'),(2113,'World Soccer \'94: Road to Glory\n                    •StrikerEU\n                    •Eric Cantona Football ChallengeFRA',NULL,'1993-12-01'),(2114,'World Cup USA \'94',NULL,'1994-06-01'),(2116,'World Masters Golf',NULL,'1995-11-23'),(2117,'World League Soccer',NULL,'1992-04-01'),(2153,'Barbie Super Model',NULL,'1993-06-16'),(2154,'Barkley Shut Up and Jam!',NULL,'1994-06-07'),(2155,'Bass Masters Classic',NULL,'1995-06-06'),(2156,'Bass Masters Classic: Pro Edition',NULL,'1996-07-23'),(2189,'Captain Novolin',NULL,'1992-11-02'),(2345,'Kawasaki Superbike Challenge',NULL,'1995-12-01'),(2349,'Ken Griffey Jr. Presents Major League Baseball',NULL,'1994-03-23'),(2351,'Killer Instinct',NULL,'1995-08-30'),(2352,'Kendo Rage',NULL,'1993-10-01'),(2355,'Kick Off 3',NULL,'1994-01-01'),(2356,'Kid Klown in Crazy Chase',NULL,'1994-09-01'),(2384,'Mario\'s Early Years! Fun with Letters',NULL,'1994-09-01'),(2386,'Mario\'s Early Years! Preschool Fun',NULL,'1994-11-01'),(2387,'Mario\'s Time Machine',NULL,'1993-12-01'),(2388,'Mark Davis\' The Fishing Master',NULL,'1996-04-01'),(2389,'Marko\'s Magic Football',NULL,'1995-01-01'),(2489,'The Ren & Stimpy Show: Time Warp',NULL,'1994-01-01'),(2490,'The Ren & Stimpy Show: Veediots!',NULL,'1993-01-01'),(2491,'Revolution X',NULL,'1995-01-01'),(2492,'Rex Ronan: Experimental Surgeon',NULL,'1994-01-01'),(2493,'Riddick Bowe Boxing\n                    •ChavezMX',NULL,'1994-01-01'),(2530,'Space Ace',NULL,'1994-01-01'),(2532,'SOS',NULL,'1994-01-01'),(2533,'Soul Blazer',NULL,'1992-11-27'),(2534,'Space Football: One on One',NULL,'1992-06-01'),(2535,'Space Invaders',NULL,'1997-11-01'),(2573,'Super Caesars Palace',NULL,'1993-08-08'),(2574,'Super Castlevania IV',NULL,'1991-12-04'),(2575,'Super Chase H.Q.',NULL,'1993-01-01'),(2576,'Super Double Dragon',NULL,'1992-10-01'),(2578,'Super Conflict',NULL,'1993-01-01'),(2615,'Syvalion',NULL,'1992-01-01'),(2617,'T2: The Arcade Game',NULL,'1994-01-01'),(2618,'Taz-Mania',NULL,'1993-01-01'),(2619,'Tecmo Super Baseball',NULL,'1994-01-01'),(2693,'World Heroes',NULL,'1993-09-01'),(2729,'King Arthur & the Knights of Justice',NULL,'1995-05-01'),(2732,'King Arthur\'s World',NULL,'1994-09-04'),(2733,'Marvel Super Heroes: War of the Gems',NULL,'1996-11-01'),(2734,'The Mask',NULL,'1995-10-01'),(2735,'Mary Shelley\'s Frankenstein',NULL,'1994-11-01');
/*!40000 ALTER TABLE `video_game_info` ENABLE KEYS */;
UNLOCK TABLES;
/*!40103 SET TIME_ZONE=@OLD_TIME_ZONE */;

/*!40101 SET SQL_MODE=@OLD_SQL_MODE */;
/*!40014 SET FOREIGN_KEY_CHECKS=@OLD_FOREIGN_KEY_CHECKS */;
/*!40014 SET UNIQUE_CHECKS=@OLD_UNIQUE_CHECKS */;
/*!40101 SET CHARACTER_SET_CLIENT=@OLD_CHARACTER_SET_CLIENT */;
/*!40101 SET CHARACTER_SET_RESULTS=@OLD_CHARACTER_SET_RESULTS */;
/*!40101 SET COLLATION_CONNECTION=@OLD_COLLATION_CONNECTION */;
/*!40111 SET SQL_NOTES=@OLD_SQL_NOTES */;

-- Dump completed on 2017-06-02 18:55:17
