-- MySQL dump 10.13  Distrib 5.7.9, for Win64 (x86_64)
--
-- Host: 127.0.0.1    Database: videogame
-- ------------------------------------------------------
-- Server version	5.7.12-log

/*!40101 SET @OLD_CHARACTER_SET_CLIENT=@@CHARACTER_SET_CLIENT */;
/*!40101 SET @OLD_CHARACTER_SET_RESULTS=@@CHARACTER_SET_RESULTS */;
/*!40101 SET @OLD_COLLATION_CONNECTION=@@COLLATION_CONNECTION */;
/*!40101 SET NAMES utf8 */;
/*!40103 SET @OLD_TIME_ZONE=@@TIME_ZONE */;
/*!40103 SET TIME_ZONE='+00:00' */;
/*!40014 SET @OLD_UNIQUE_CHECKS=@@UNIQUE_CHECKS, UNIQUE_CHECKS=0 */;
/*!40014 SET @OLD_FOREIGN_KEY_CHECKS=@@FOREIGN_KEY_CHECKS, FOREIGN_KEY_CHECKS=0 */;
/*!40101 SET @OLD_SQL_MODE=@@SQL_MODE, SQL_MODE='NO_AUTO_VALUE_ON_ZERO' */;
/*!40111 SET @OLD_SQL_NOTES=@@SQL_NOTES, SQL_NOTES=0 */;

--
-- Table structure for table `company`
--

DROP TABLE IF EXISTS `company`;
/*!40101 SET @saved_cs_client     = @@character_set_client */;
/*!40101 SET character_set_client = utf8 */;
CREATE TABLE `company` (
  `id` int(11) NOT NULL AUTO_INCREMENT,
  `name` varchar(255) DEFAULT NULL,
  PRIMARY KEY (`id`),
  UNIQUE KEY `name_UNIQUE` (`name`)
) ENGINE=InnoDB AUTO_INCREMENT=2307 DEFAULT CHARSET=utf8;
/*!40101 SET character_set_client = @saved_cs_client */;

--
-- Dumping data for table `company`
--

LOCK TABLES `company` WRITE;
/*!40000 ALTER TABLE `company` DISABLE KEYS */;
INSERT INTO `company` VALUES (428,''),(590,'21st Century Entertainment'),(140,'Absolute Entertainment'),(64,'Acclaim Entertainment'),(53,'Accolade'),(96,'Activision'),(1044,'Adrenalin Interactive'),(932,'Advanced Productions'),(99,'AI'),(68,'Aicom'),(841,'AIM'),(1798,'Aisystem Tokyo'),(1561,'Alexandria'),(211,'Almanic'),(314,'Altron'),(65,'American Sammy'),(698,'American Softworks'),(1376,'American Technōs'),(375,'Anco'),(674,'Angel'),(983,'Arc Developments'),(397,'Arcade Zone'),(387,'Argonaut Games'),(680,'Argonaut Software'),(613,'Arsys Software'),(1313,'Artech Digital Entertainment'),(735,'ASCII Entertainment'),(179,'Asmik Ace Entertainment'),(637,'Atelier Double'),(95,'Athena'),(100,'Atlus'),(904,'Atod'),(1630,'Audiogenic'),(1170,'Avalanche Software'),(265,'Axes Art Amuse'),(79,'Bandai'),(451,'Beam Software'),(703,'Bitmap Brothers'),(146,'Bitmasters'),(389,'Bits Studios'),(58,'Black Pearl Software'),(97,'Blizzard Entertainment'),(340,'Blue Byte'),(476,'Bullet-Proof Software'),(610,'Bullfrog Productions'),(1737,'C-Lab'),(129,'Capcom'),(596,'Coconuts Japan'),(483,'Codemasters'),(718,'Compile'),(1176,'Core Design'),(1151,'Cryo Interactive'),(218,'CTA Developments'),(760,'Culture Brain'),(38,'Cybersoft'),(11,'Data East'),(163,'David Crane'),(1693,'Davidson & Associates'),(270,'Delphine Software International'),(481,'Designer Software'),(972,'Digital Eclipse Software'),(197,'Disney Interactive'),(206,'Distinctive Software'),(1172,'DMA Design'),(368,'Domark'),(28,'DTMC'),(342,'EA Canada'),(94,'EA Sports'),(87,'Electro Brain'),(115,'Electronic Arts'),(220,'Elite'),(188,'Elite Systems'),(293,'Empire Interactive'),(37,'Empire Software'),(5,'Enix'),(711,'Entertainment International'),(299,'Entertainment International UK'),(128,'Equilibrium'),(108,'Eurocom'),(1694,'Eurocom Entertainment Software'),(149,'Extreme Entertainment Group'),(836,'Factor 5'),(472,'FCI'),(966,'Flair Software'),(568,'Fox Interactive'),(167,'Funcom'),(1943,'Game Freak, System Sacom'),(101,'GameTek'),(475,'Genki'),(2173,'Granite Bay Software'),(824,'Gray Matter'),(287,'Gremlin Interactive'),(742,'GTE Interactive Media'),(295,'HAL Laboratory'),(280,'Haus Teknikka'),(35,'Herge'),(85,'Hi Tech Expressions'),(1019,'Hookstone Productions'),(593,'Hori Electric'),(60,'Hot-B'),(72,'Hudson Soft'),(240,'Human Entertainment'),(160,'ICOM Simulations'),(655,'IGS'),(42,'Iguana Entertainment'),(2021,'Illusion Softworks'),(376,'Imagineer'),(33,'Imagineering'),(322,'Imagitec Design'),(927,'Infinity Co., Ltd'),(36,'Infogrames'),(69,'Intelligent Systems'),(98,'Interplay Entertainment'),(183,'Irem'),(210,'Jaleco'),(1024,'Jorudan'),(88,'JVC'),(570,'Kalisto Entertainment'),(604,'Kaneko'),(199,'Kemco'),(71,'KID'),(45,'Koei'),(25,'Konami'),(30,'Krisalis Software'),(631,'Laser Beam Entertainment'),(644,'Left Field Productions'),(288,'Leland Interactive Media'),(1736,'Life Fitness Entertainment'),(498,'LJN'),(86,'Loriciel'),(77,'LucasArts'),(324,'Magical Company'),(286,'Majesco Entertainment'),(56,'Malibu Games'),(1,'Malibu Interactive'),(636,'Mandingo Entertainment'),(385,'Manley & Associates'),(1139,'Maxis Software'),(1358,'Microprose'),(502,'Midway Games'),(757,'Millennium Interactive'),(441,'Minakuchi Engineering'),(52,'Mindscape'),(364,'Mirrorsoft'),(753,'Monolith Corporation'),(285,'Morning Star Multimedia'),(27,'MotiveTime'),(83,'Motown Software'),(6,'Namco'),(141,'Natsume'),(158,'NCS'),(423,'Neverland'),(487,'New World Computing'),(70,'Nintendo'),(2306,'Nova Co., Ltd'),(649,'NovaLogic'),(1973,'Novotrade'),(739,'Now Production'),(628,'NTVIC'),(7,'Ocean Software'),(1986,'Opus Corporation'),(471,'Origin Systems'),(307,'Pack-In-Video'),(577,'Palcom'),(1980,'Panoramic'),(1196,'Paramount Interactive'),(144,'Park Place Productions'),(1093,'Parker Brothers'),(1270,'PF Magic'),(1852,'Phoenix Interactive Entertainment'),(215,'Playmates'),(585,'Polygames'),(63,'Probe Entertainment'),(192,'Probe Software'),(4,'Produce'),(391,'Psygnosis'),(1105,'Quest'),(16,'Quintet'),(1030,'Radiance Software'),(51,'Radical Entertainment'),(985,'Rage Software'),(73,'Rare'),(105,'Raya Systems'),(8,'Realtime Associates'),(784,'Red Company'),(292,'Red Entertainment'),(623,'Red Rat Software'),(1109,'Redline Games'),(690,'Renegade Software'),(2289,'Renovation Products'),(84,'Riedel Software Productions'),(834,'Ringler Studios'),(1094,'Romstar'),(264,'Sales Curve Interactive'),(2226,'Saurus Co., Ltd'),(125,'Sculptured Software'),(390,'Seika Corporaption'),(758,'Seika Corporation'),(126,'Sensible Software'),(9,'SETA'),(214,'Shiny Entertainment'),(419,'Silicon & Synapse'),(123,'Silicon Sorcery'),(2134,'Sofel'),(223,'Software Creations'),(154,'Software Creations (UK)'),(3,'Sony Imagesoft'),(704,'Spectrum Holobyte'),(245,'Square'),(54,'Starfish'),(1582,'Sting Entertainment'),(194,'Sun L'),(14,'Sunsoft'),(49,'Synergistic Software'),(626,'System 3'),(909,'T&E Software'),(117,'Taito'),(157,'Takara'),(987,'Team17'),(787,'Technōs Japan'),(1161,'Technosoft'),(600,'TecMagik'),(549,'Tecmo'),(2281,'Telenet'),(838,'Telenet Japan'),(575,'Tengen'),(448,'The Software Toolworks'),(34,'THQ'),(433,'Tiburon Entertainment'),(106,'Tiertex Design Studios'),(369,'Time Warner Interactive'),(601,'Titus Software'),(449,'Toho'),(2080,'Tokyo Shoseki'),(1138,'Tomcat System'),(1004,'Tonkin House'),(78,'Tose'),(849,'Toshiba EMI'),(75,'Tradewest'),(479,'Traveller\'s Tales'),(202,'Triffix'),(1021,'Twilight Games'),(271,'U.S. Gold'),(241,'Ubisoft'),(320,'Ukiyotei'),(10,'Viacom New Media'),(338,'Vic Tokai'),(39,'Video System'),(127,'Virgin Interactive'),(90,'Visual Concepts'),(747,'Vivid Image'),(566,'Wave Quest'),(104,'WaveQuest'),(732,'Western Technologies'),(411,'Westwood Studios'),(973,'Williams Entertainment'),(770,'World Builders Synergistic'),(1053,'Xanth Software'),(1941,'Zeppelin Games'),(1632,'Zoom Inc.');
/*!40000 ALTER TABLE `company` ENABLE KEYS */;
UNLOCK TABLES;

--
-- Table structure for table `esrb_ratings`
--

DROP TABLE IF EXISTS `esrb_ratings`;
/*!40101 SET @saved_cs_client     = @@character_set_client */;
/*!40101 SET character_set_client = utf8 */;
CREATE TABLE `esrb_ratings` (
  `id` int(11) NOT NULL AUTO_INCREMENT,
  `rating` varchar(1) DEFAULT NULL,
  `rating_full` varchar(45) DEFAULT NULL,
  PRIMARY KEY (`id`)
) ENGINE=InnoDB DEFAULT CHARSET=utf8;
/*!40101 SET character_set_client = @saved_cs_client */;

--
-- Dumping data for table `esrb_ratings`
--

LOCK TABLES `esrb_ratings` WRITE;
/*!40000 ALTER TABLE `esrb_ratings` DISABLE KEYS */;
/*!40000 ALTER TABLE `esrb_ratings` ENABLE KEYS */;
UNLOCK TABLES;

--
-- Table structure for table `game_developer`
--

DROP TABLE IF EXISTS `game_developer`;
/*!40101 SET @saved_cs_client     = @@character_set_client */;
/*!40101 SET character_set_client = utf8 */;
CREATE TABLE `game_developer` (
  `game_id` int(11) NOT NULL,
  `company_id` int(11) NOT NULL,
  UNIQUE KEY `ix_uq` (`game_id`,`company_id`)
) ENGINE=InnoDB DEFAULT CHARSET=utf8;
/*!40101 SET character_set_client = @saved_cs_client */;

--
-- Dumping data for table `game_developer`
--

LOCK TABLES `game_developer` WRITE;
/*!40000 ALTER TABLE `game_developer` DISABLE KEYS */;
INSERT INTO `game_developer` VALUES (0,52),(0,73),(0,129),(0,245),(0,732),(0,824),(0,1270),(0,1694),(761,1),(762,4),(763,9),(764,8),(765,6),(766,0),(767,14),(768,16),(769,16),(770,7),(771,7),(772,7),(773,25),(774,27),(775,30),(776,7),(777,33),(778,35),(779,37),(780,42),(781,42),(782,45),(783,39),(784,45),(785,49),(786,51),(787,1021),(788,63),(789,1024),(790,322),(791,72),(792,1030),(793,25),(794,972),(795,68),(796,6),(797,69),(798,71),(799,73),(800,73),(801,8),(802,78),(803,51),(804,84),(805,86),(806,77),(807,72),(808,25),(809,94),(810,95),(811,97),(812,99),(813,601),(814,98),(815,4),(816,125),(817,601),(818,391),(819,129),(820,45),(821,210),(822,1313),(823,129),(824,51),(825,51),(826,104),(827,106),(828,108),(829,53),(830,53),(831,49),(832,140),(833,25),(834,144),(835,146),(836,126),(837,604),(838,451),(839,52),(840,604),(841,245),(842,1176),(843,1358),(844,90),(845,90),(846,90),(847,98),(848,1),(849,125),(850,58),(851,42),(852,787),(853,11),(854,25),(855,127),(856,7),(857,154),(858,157),(859,158),(860,160),(861,117),(862,163),(863,167),(864,97),(865,129),(866,127),(867,7),(868,90),(869,179),(870,78),(871,183),(872,108),(873,288),(874,127),(875,79),(876,79),(877,79),(878,79),(879,36),(880,206),(881,36),(882,27),(883,202),(884,0),(885,211),(886,210),(887,0),(888,214),(889,214),(890,218),(891,220),(892,146),(893,223),(894,144),(895,3),(896,3),(897,140),(898,3),(899,129),(900,70),(901,240),(902,240),(903,9),(904,9),(905,368),(906,1053),(907,33),(908,33),(909,2306),(910,129),(911,129),(912,240),(913,264),(914,265),(915,199),(916,117),(917,65),(918,270),(919,7),(920,223),(921,42),(922,288),(923,280),(924,285),(925,287),(926,45),(927,45),(928,451),(929,77),(930,78),(931,703),(932,129),(933,100),(934,100),(935,25),(936,129),(937,1030),(938,389),(939,292),(940,295),(941,210),(942,293),(943,53),(944,90),(945,307),(946,271),(947,14),(948,601),(949,39),(950,295),(951,210),(952,16),(953,338),(954,824),(955,63),(956,836),(957,45),(958,72),(959,25),(960,25),(961,86),(962,183),(963,389),(964,1561),(965,98),(966,757),(967,75),(968,824),(969,742),(970,63),(971,33),(972,101),(973,1582),(974,451),(975,101),(976,86),(977,340),(978,144),(979,65),(980,11),(981,11),(982,342),(983,63),(984,108),(985,287),(986,7),(987,0),(988,7),(989,364),(990,129),(991,157),(992,0),(993,157),(994,295),(995,295),(996,295),(997,129),(998,1630),(999,288),(1000,1632),(1001,601),(1002,391),(1003,389),(1004,264),(1005,397),(1006,25),(1007,70),(1008,90),(1009,25),(1010,391),(1011,7),(1012,45),(1013,411),(1014,338),(1015,419),(1016,14),(1017,97),(1018,36),(1019,423),(1020,423),(1021,125),(1022,90),(1023,90),(1024,433),(1025,433),(1026,115),(1027,37),(1028,441),(1029,129),(1030,30),(1031,448),(1032,449),(1033,451),(1034,433),(1035,126),(1036,129),(1037,194),(1038,129),(1039,129),(1040,441),(1041,69),(1042,6),(1043,471),(1044,475),(1045,115),(1046,77),(1047,479),(1048,481),(1049,483),(1050,483),(1051,487),(1052,42),(1053,141),(1054,79),(1055,79),(1056,448),(1057,58),(1058,90),(1059,125),(1060,125),(1061,125),(1062,125),(1063,115),(1064,0),(1065,115),(1066,115),(1067,125),(1068,146),(1069,448),(1070,287),(1071,144),(1072,42),(1073,42),(1074,115),(1075,0),(1076,0),(1077,58),(1078,34),(1079,125),(1080,115),(1081,141),(1082,10),(1083,287),(1084,549),(1085,389),(1086,45),(1087,45),(1088,1094),(1089,9),(1090,391),(1091,1105),(1092,0),(1093,117),(1094,1798),(1095,45),(1096,210),(1097,966),(1098,270),(1099,52),(1100,52),(1101,45),(1102,45),(1103,6),(1104,10),(1105,593),(1106,70),(1107,596),(1108,590),(1109,314),(1110,14),(1111,34),(1112,1109),(1113,223),(1114,141),(1115,141),(1116,25),(1117,610),(1118,25),(1119,610),(1120,1852),(1121,271),(1122,51),(1123,100),(1124,604),(1125,79),(1126,610),(1127,601),(1128,146),(1129,613),(1130,601),(1131,75),(1132,78),(1133,623),(1134,626),(1135,8),(1136,387),(1137,631),(1138,146),(1139,0),(1140,45),(1141,63),(1142,210),(1143,128),(1144,160),(1145,7),(1146,127),(1147,16),(1148,419),(1149,649),(1150,10),(1151,183),(1152,125),(1153,45),(1154,419),(1155,45),(1156,45),(1157,183),(1158,593),(1159,674),(1160,157),(1161,129),(1162,680),(1163,125),(1164,245),(1165,451),(1166,245),(1167,549),(1168,126),(1169,60),(1170,270),(1171,211),(1172,42),(1173,1138),(1174,0),(1175,34),(1176,1138),(1177,125),(1178,1941),(1179,8),(1180,320),(1181,1943),(1182,718),(1183,141),(1184,25),(1185,49),(1186,51),(1187,14),(1188,732),(1189,223),(1190,223),(1191,735),(1192,36),(1193,739),(1194,56),(1195,0),(1196,1973),(1197,1196),(1198,704),(1199,63),(1200,1980),(1201,78),(1202,108),(1203,1986),(1204,129),(1205,129),(1206,129),(1207,742),(1208,747),(1209,95),(1210,0),(1211,25),(1212,78),(1213,72),(1214,72),(1215,757),(1216,753),(1217,760),(1218,78),(1219,78),(1220,6),(1221,770),(1222,33),(1223,140),(1224,1151),(1225,129),(1226,108),(1227,78),(1228,449),(1229,42),(1230,14),(1231,698),(1232,70),(1233,451),(1234,70),(1235,70),(1236,245),(1237,70),(1238,70),(1239,70),(1240,757),(1241,760),(1242,223),(1243,0),(1244,117),(1245,223),(1246,78),(1247,70),(1248,626),(1249,824),(1250,183),(1251,70),(1252,127),(1253,834),(1254,125),(1255,451),(1256,240),(1257,117),(1258,149),(1259,125),(1260,129),(1261,1358),(1262,2080),(1263,125),(1264,199),(1265,836),(1266,549),(1267,549),(1268,25),(1269,25),(1270,52),(1271,389),(1272,16),(1273,78),(1274,476),(1275,69),(1276,610),(1277,223),(1278,1161),(1279,223),(1280,264),(1281,56),(1282,1151),(1283,106),(1284,36),(1285,223),(1286,25),(1287,117),(1288,295),(1289,735),(1290,698),(1291,25),(1292,1582),(1293,84),(1294,320),(1295,86),(1296,125),(1297,287),(1298,287),(1299,287),(1300,58),(1301,479),(1302,927),(1303,1170),(1304,79),(1305,471),(1306,760),(1307,45),(1308,45),(1309,1172),(1310,7),(1311,2173),(1312,210),(1313,295),(1314,387),(1315,223),(1316,125),(1317,63),(1318,932),(1319,932),(1320,70),(1321,8),(1322,53),(1323,7),(1324,369),(1325,824),(1326,90),(1327,451),(1328,90),(1329,322),(1330,322),(1331,342),(1332,342),(1333,6),(1334,966),(1335,141),(1336,385),(1337,972),(1338,471),(1339,471),(1340,6),(1341,70),(1342,271),(1343,9),(1344,987),(1345,125),(1346,125),(1347,125),(1348,42),(1349,179),(1350,849),(1351,129),(1352,199),(1353,411),(1354,476),(1355,70),(1356,1004),(1357,42),(1358,77),(1359,287),(1360,1019),(1361,123),(1362,52),(1363,115),(1364,14),(1365,117),(1366,9),(1367,125),(1368,129),(1369,127),(1370,194),(1371,27),(1372,192),(1373,157),(1374,0),(1375,2306),(1376,115),(1377,0),(1378,115),(1379,14),(1380,33),(1381,117),(1383,314),(1385,448),(1386,141),(1387,1737),(1388,51),(1389,1024),(1390,972),(1391,7),(1392,570),(1393,575),(1394,6),(1395,566),(1396,63),(1397,601),(1398,179),(1399,140),(1400,83),(1401,644),(1402,637),(1403,0),(1404,703),(1405,33),(1406,36),(1407,6),(1408,322),(1409,36),(1410,54),(1411,784),(1412,72),(1413,72),(1414,72),(1415,836),(1416,95),(1417,100),(1418,6),(1419,838),(1420,841),(1421,610),(1422,140),(1423,909),(1424,909),(1425,909),(1426,75),(1427,375),(1428,1630),(1429,376),(1430,389),(1431,1176),(1432,904),(1433,476),(1472,36),(1473,54),(1474,63),(1475,25),(1550,73),(1551,125),(1552,1044),(1553,2281),(1632,140),(1669,144),(1711,70),(1748,451),(1749,25),(1750,167),(1751,42),(1752,42),(1753,115),(1788,25),(1925,36),(1928,25),(1949,549),(1950,549),(1990,451),(2027,735),(2041,128),(2046,129),(2047,126),(2059,11),(2062,320),(2063,84),(2064,322),(2065,63),(2066,324),(2068,375),(2069,73),(2076,115),(2077,199),(2079,115),(2080,585),(2081,210),(2087,387),(2093,0),(2095,129),(2106,471),(2108,140),(2109,129),(2110,210),(2111,292),(2112,2226),(2113,985),(2114,271),(2116,983),(2117,375),(2153,223),(2154,53),(2155,56),(2156,58),(2189,125),(2345,368),(2349,223),(2351,73),(2352,9),(2355,375),(2356,199),(2384,448),(2386,448),(2387,448),(2388,141),(2389,368),(2489,125),(2490,824),(2491,223),(2492,125),(2493,1),(2530,711),(2532,240),(2533,16),(2534,389),(2535,117),(2573,2021),(2574,25),(2575,117),(2576,787),(2578,338),(2615,117),(2617,63),(2618,90),(2619,549),(2693,14),(2729,385),(2732,387),(2733,129),(2734,58),(2735,389);
/*!40000 ALTER TABLE `game_developer` ENABLE KEYS */;
UNLOCK TABLES;

--
-- Table structure for table `game_genre`
--

DROP TABLE IF EXISTS `game_genre`;
/*!40101 SET @saved_cs_client     = @@character_set_client */;
/*!40101 SET character_set_client = utf8 */;
CREATE TABLE `game_genre` (
  `game_id` int(11) NOT NULL,
  `genre_id` int(11) NOT NULL,
  UNIQUE KEY `id_uq` (`genre_id`,`game_id`)
) ENGINE=InnoDB DEFAULT CHARSET=utf8;
/*!40101 SET character_set_client = @saved_cs_client */;

--
-- Dumping data for table `game_genre`
--

LOCK TABLES `game_genre` WRITE;
/*!40000 ALTER TABLE `game_genre` DISABLE KEYS */;
INSERT INTO `game_genre` VALUES (761,1),(764,1),(769,1),(770,1),(771,1),(774,1),(775,1),(776,1),(777,1),(779,1),(780,1),(781,1),(787,1),(788,1),(791,1),(793,1),(804,1),(813,1),(814,1),(818,1),(829,1),(830,1),(833,1),(837,1),(840,1),(842,1),(844,1),(853,1),(855,1),(860,1),(863,1),(867,1),(871,1),(888,1),(889,1),(907,1),(915,1),(916,1),(919,1),(936,1),(944,1),(948,1),(958,1),(966,1),(973,1),(980,1),(981,1),(984,1),(994,1),(996,1),(1013,1),(1018,1),(1027,1),(1029,1),(1036,1),(1038,1),(1039,1),(1040,1),(1045,1),(1047,1),(1084,1),(1097,1),(1099,1),(1113,1),(1116,1),(1120,1),(1122,1),(1127,1),(1134,1),(1137,1),(1144,1),(1151,1),(1180,1),(1187,1),(1213,1),(1225,1),(1231,1),(1232,1),(1234,1),(1237,1),(1238,1),(1248,1),(1286,1),(1289,1),(1293,1),(1301,1),(1350,1),(1357,1),(1359,1),(1364,1),(1368,1),(1369,1),(1370,1),(1372,1),(1391,1),(1392,1),(1396,1),(1405,1),(1406,1),(1408,1),(1409,1),(1411,1),(1417,1),(1420,1),(1431,1),(1472,1),(1550,1),(1925,1),(2062,1),(2065,1),(2389,1),(2490,1),(0,2),(762,2),(819,2),(823,2),(841,2),(879,2),(884,2),(887,2),(899,2),(952,2),(957,2),(1000,2),(1019,2),(1020,2),(1051,2),(1052,2),(1147,2),(1164,2),(1166,2),(1167,2),(1236,2),(1288,2),(1302,2),(1305,2),(1353,2),(1398,2),(2027,2),(2106,2),(765,3),(834,3),(836,3),(872,3),(891,3),(930,3),(946,3),(959,3),(960,3),(1030,3),(1037,3),(1168,3),(1227,3),(1256,3),(1257,3),(1296,3),(1317,3),(1374,3),(1376,3),(1377,3),(1378,3),(2046,3),(2068,3),(2113,3),(2114,3),(2117,3),(2355,3),(763,4),(766,6),(809,6),(850,6),(892,6),(897,6),(917,6),(978,6),(982,6),(1022,6),(1023,6),(1024,6),(1025,6),(1026,6),(1069,6),(1071,6),(1072,6),(1073,6),(1131,6),(1201,6),(1229,6),(1246,6),(1266,6),(1426,6),(1949,6),(1950,6),(2041,6),(767,7),(772,11),(806,11),(815,11),(881,11),(885,11),(1007,11),(1090,11),(1165,11),(1241,11),(1272,11),(1356,11),(2111,11),(2533,11),(773,13),(778,17),(965,17),(986,17),(1114,17),(1115,17),(1150,17),(1162,17),(1198,17),(1214,17),(1284,17),(1394,17),(2489,17),(783,20),(810,20),(812,20),(861,20),(869,20),(886,20),(913,20),(935,20),(953,20),(1118,20),(1139,20),(1157,20),(1182,20),(1209,20),(1244,20),(1250,20),(1278,20),(1788,20),(1928,20),(2077,20),(2109,20),(782,22),(784,22),(945,22),(1033,22),(1034,22),(1106,22),(1173,22),(1174,22),(1175,22),(1176,22),(1197,22),(1222,22),(1223,22),(1276,22),(0,23),(938,23),(1211,23),(1552,23),(0,24),(795,24),(805,24),(828,24),(845,24),(846,24),(847,24),(873,24),(874,24),(875,24),(876,24),(877,24),(878,24),(909,24),(987,24),(991,24),(993,24),(1055,24),(1060,24),(1061,24),(1062,24),(1111,24),(1123,24),(1124,24),(1128,24),(1141,24),(1160,24),(1170,24),(1203,24),(1204,24),(1205,24),(1206,24),(1260,24),(1269,24),(1303,24),(1304,24),(1306,24),(1326,24),(1373,24),(1375,24),(1402,24),(1471,24),(1553,24),(2059,24),(2110,24),(2112,24),(2351,24),(2693,24),(807,26),(851,26),(969,26),(1016,26),(1063,26),(1064,26),(1065,26),(1066,26),(1067,26),(1068,26),(1252,26),(1267,26),(1363,26),(1400,26),(1748,26),(1749,26),(1750,26),(1751,26),(1752,26),(1753,26),(2154,26),(2153,27),(2492,27),(979,28),(1290,28),(1410,28),(1473,28),(2155,28),(2156,28),(2388,28),(0,29),(789,29),(799,29),(803,29),(821,29),(848,29),(852,29),(857,29),(864,29),(910,29),(911,29),(974,29),(990,29),(997,29),(1003,29),(1005,29),(1053,29),(1054,29),(1081,29),(1110,29),(1142,29),(1159,29),(1189,29),(1202,29),(1268,29),(1279,29),(1294,29),(1315,29),(1403,29),(1474,29),(1475,29),(2081,29),(2093,29),(2576,29),(796,33),(1125,33),(797,34),(1009,34),(1041,34),(1094,34),(1251,34),(1355,34),(802,36),(950,36),(1171,36),(1352,36),(2491,36),(0,37),(801,37),(832,37),(856,37),(883,37),(912,37),(914,37),(923,37),(924,37),(929,37),(939,37),(951,37),(954,37),(955,37),(963,37),(976,37),(983,37),(988,37),(1004,37),(1006,37),(1011,37),(1043,37),(1046,37),(1057,37),(1085,37),(1089,37),(1093,37),(1096,37),(1104,37),(1109,37),(1112,37),(1145,37),(1146,37),(1149,37),(1181,37),(1183,37),(1188,37),(1199,37),(1228,37),(1255,37),(1264,37),(1265,37),(1270,37),(1271,37),(1280,37),(1281,37),(1282,37),(1300,37),(1310,37),(1321,37),(1325,37),(1328,37),(1334,37),(1351,37),(1358,37),(1380,37),(1383,37),(1387,37),(1389,37),(1390,37),(1393,37),(1397,37),(1404,37),(1415,37),(1419,37),(1422,37),(1430,37),(1990,37),(2087,37),(2095,37),(2352,37),(2356,37),(2530,37),(2532,37),(2535,37),(2617,37),(2733,37),(2734,37),(2735,37),(786,42),(808,42),(858,42),(880,42),(896,42),(900,42),(901,42),(902,42),(903,42),(904,42),(905,42),(925,42),(933,42),(934,42),(942,42),(999,42),(1001,42),(1044,42),(1049,42),(1050,42),(1070,42),(1083,42),(1121,42),(1136,42),(1143,42),(1148,42),(1154,42),(1186,42),(1208,42),(1210,42),(1235,42),(1242,42),(1245,42),(1297,42),(1298,42),(1299,42),(1309,42),(1367,42),(1371,42),(1388,42),(1399,42),(1418,42),(1669,42),(2345,42),(2575,42),(2618,42),(824,46),(825,46),(895,46),(1074,46),(1075,46),(1076,46),(1077,46),(1078,46),(1079,46),(1080,46),(1132,46),(1207,46),(1230,46),(1253,46),(1381,46),(826,49),(1395,49),(2189,49),(827,50),(1416,50),(817,56),(822,56),(937,56),(947,56),(989,56),(992,56),(998,56),(1002,56),(1010,56),(1048,56),(1103,56),(1105,56),(1133,56),(1191,56),(1240,56),(1273,56),(1274,56),(1275,56),(1320,56),(1336,56),(1354,56),(1360,56),(1365,56),(1379,56),(1432,56),(1433,56),(2064,56),(2066,56),(894,57),(898,57),(921,57),(943,57),(1058,57),(1088,57),(1152,57),(1193,57),(1212,57),(1216,57),(1217,57),(1218,57),(1219,57),(1220,57),(1249,57),(1362,57),(1401,57),(2069,57),(2349,57),(2619,57),(790,58),(1215,58),(1291,58),(1341,58),(1361,58),(2534,58),(838,59),(868,59),(985,59),(1311,59),(1323,59),(2047,59),(2615,59),(839,69),(849,69),(1059,69),(1169,69),(792,81),(862,81),(961,81),(977,81),(1262,81),(1407,81),(811,118),(918,118),(1098,118),(1129,118),(1130,118),(920,120),(928,120),(1247,120),(1292,120),(922,127),(1283,127),(843,128),(926,128),(1012,128),(1095,128),(1101,128),(1102,128),(1140,128),(1153,128),(1155,128),(1156,128),(1318,128),(1319,128),(2578,128),(927,129),(1086,129),(1087,129),(1138,129),(1221,129),(1344,129),(2063,143),(870,145),(949,145),(1427,180),(1014,197),(1021,202),(0,203),(1031,203),(1056,203),(1385,203),(2384,203),(2386,203),(2387,203),(940,213),(962,213),(967,213),(995,213),(1032,213),(1423,213),(1424,213),(1425,213),(2076,213),(2079,213),(2080,213),(2116,213),(1035,217),(1042,217),(1117,217),(1119,217),(1126,217),(1312,217),(941,234),(1161,234),(1327,234),(1345,234),(1346,234),(1347,234),(1348,234),(1386,234),(1091,258),(1421,258),(1092,261),(1107,275),(1108,275),(1243,275),(835,328),(1172,328),(1194,345),(1342,345),(1195,346),(1314,346),(1200,350),(1313,367),(2573,367),(1226,371),(2729,371),(1233,377),(1258,391),(1261,393),(2108,417),(1322,428),(1338,428),(1339,428),(1324,430),(908,434),(971,434),(972,434),(975,434),(1082,434),(1329,434),(1330,434),(1331,435),(1332,435),(1333,439),(794,442),(1337,442),(1335,445),(1340,446),(1343,449),(2732,493),(906,539),(1185,539),(1429,539),(1551,539),(1428,552),(1287,587),(1711,792);
/*!40000 ALTER TABLE `game_genre` ENABLE KEYS */;
UNLOCK TABLES;

--
-- Table structure for table `game_publisher`
--

DROP TABLE IF EXISTS `game_publisher`;
/*!40101 SET @saved_cs_client     = @@character_set_client */;
/*!40101 SET character_set_client = utf8 */;
CREATE TABLE `game_publisher` (
  `game_id` int(11) NOT NULL,
  `company_id` int(11) NOT NULL,
  UNIQUE KEY `ix_uq` (`game_id`,`company_id`)
) ENGINE=InnoDB DEFAULT CHARSET=utf8;
/*!40101 SET character_set_client = @saved_cs_client */;

--
-- Dumping data for table `game_publisher`
--

LOCK TABLES `game_publisher` WRITE;
/*!40000 ALTER TABLE `game_publisher` DISABLE KEYS */;
INSERT INTO `game_publisher` VALUES (761,3),(762,5),(763,9),(764,10),(765,7),(766,11),(767,14),(768,5),(769,5),(770,7),(771,7),(772,7),(773,25),(774,28),(775,7),(776,7),(777,34),(778,36),(779,38),(780,14),(781,14),(782,45),(783,39),(784,45),(785,38),(786,52),(787,52),(788,64),(789,96),(790,101),(791,72),(792,600),(793,25),(794,502),(795,65),(796,6),(797,70),(798,72),(799,75),(800,75),(801,10),(802,79),(803,83),(804,85),(805,87),(806,88),(807,72),(808,25),(809,90),(810,96),(811,98),(812,100),(813,601),(814,98),(815,5),(816,87),(817,601),(818,3),(819,129),(820,45),(821,210),(822,704),(823,245),(824,53),(825,53),(826,105),(827,34),(828,101),(829,53),(830,53),(831,38),(832,141),(833,25),(834,64),(835,52),(836,3),(837,604),(838,149),(839,52),(840,604),(841,245),(842,3),(843,45),(844,98),(845,98),(846,98),(847,98),(848,3),(849,1093),(850,94),(851,64),(852,1376),(853,11),(854,25),(855,127),(856,7),(857,64),(858,157),(859,25),(860,14),(861,117),(862,140),(863,14),(864,14),(865,129),(866,64),(867,7),(868,115),(869,179),(870,72),(871,183),(872,127),(873,75),(874,64),(875,79),(876,79),(877,79),(878,79),(879,199),(880,53),(881,199),(882,11),(883,202),(884,88),(885,5),(886,210),(887,70),(888,215),(889,215),(890,7),(891,220),(892,88),(893,3),(894,3),(895,3),(896,3),(897,3),(898,3),(899,129),(900,70),(901,241),(902,241),(903,9),(904,9),(905,64),(906,476),(907,56),(908,101),(909,157),(910,129),(911,129),(912,240),(913,14),(914,28),(915,199),(916,117),(917,65),(918,271),(919,7),(920,64),(921,64),(922,75),(923,101),(924,286),(925,101),(926,45),(927,45),(928,64),(929,88),(930,210),(931,52),(932,129),(933,100),(934,100),(935,25),(936,129),(937,34),(938,183),(939,72),(940,295),(941,210),(942,299),(943,53),(944,85),(945,141),(946,271),(947,14),(948,601),(949,39),(950,295),(951,210),(952,70),(953,338),(954,498),(955,271),(956,0),(957,45),(958,72),(959,25),(960,25),(961,117),(962,183),(963,64),(964,271),(965,98),(966,115),(967,75),(968,34),(969,742),(970,7),(971,101),(972,101),(973,117),(974,215),(975,101),(976,87),(977,241),(978,94),(979,65),(980,11),(981,11),(982,94),(983,64),(984,127),(985,115),(986,7),(987,64),(988,7),(989,199),(990,129),(991,157),(992,70),(993,157),(994,70),(995,70),(996,70),(997,129),(998,64),(999,973),(1000,199),(1001,601),(1002,14),(1003,3),(1004,34),(1005,390),(1006,25),(1007,70),(1008,28),(1009,25),(1010,391),(1011,7),(1012,45),(1013,127),(1014,338),(1015,98),(1016,14),(1017,98),(1018,36),(1019,117),(1020,141),(1021,428),(1022,115),(1023,115),(1024,115),(1025,115),(1026,34),(1027,88),(1028,129),(1029,129),(1030,7),(1031,448),(1032,449),(1033,96),(1034,96),(1035,127),(1036,129),(1037,129),(1038,129),(1039,129),(1040,129),(1041,70),(1042,6),(1043,472),(1044,476),(1045,115),(1046,25),(1047,3),(1048,85),(1049,7),(1050,7),(1051,188),(1052,472),(1053,79),(1054,79),(1055,79),(1056,448),(1057,34),(1058,94),(1059,1093),(1060,64),(1061,64),(1062,973),(1063,94),(1064,34),(1065,94),(1066,94),(1067,0),(1068,52),(1069,52),(1070,64),(1071,25),(1072,498),(1073,64),(1074,94),(1075,94),(1076,94),(1077,94),(1078,94),(1079,70),(1080,94),(1081,117),(1082,10),(1083,101),(1084,549),(1085,3),(1086,45),(1087,45),(1088,1094),(1089,9),(1090,476),(1091,5),(1092,271),(1093,117),(1094,117),(1095,45),(1096,210),(1097,601),(1098,98),(1099,52),(1100,52),(1101,45),(1102,45),(1103,6),(1104,10),(1105,100),(1106,70),(1107,101),(1108,101),(1109,600),(1110,14),(1111,34),(1112,96),(1113,75),(1114,141),(1115,141),(1116,25),(1117,64),(1118,577),(1119,376),(1120,0),(1121,985),(1122,601),(1123,100),(1124,604),(1125,79),(1126,376),(1127,601),(1128,369),(1129,25),(1130,601),(1131,75),(1132,210),(1133,7),(1134,7),(1135,628),(1136,34),(1137,96),(1138,115),(1139,87),(1140,45),(1141,64),(1142,210),(1143,34),(1144,14),(1145,7),(1146,127),(1147,5),(1148,98),(1149,655),(1150,10),(1151,183),(1152,498),(1153,45),(1154,98),(1155,45),(1156,45),(1157,210),(1158,100),(1159,79),(1160,157),(1161,129),(1162,0),(1163,56),(1164,245),(1165,11),(1166,245),(1167,549),(1168,690),(1169,96),(1170,115),(1171,338),(1172,11),(1173,1139),(1174,70),(1175,58),(1176,472),(1177,64),(1178,601),(1179,698),(1180,3),(1181,3),(1182,449),(1183,141),(1184,25),(1185,38),(1186,53),(1187,14),(1188,498),(1189,498),(1190,498),(1191,735),(1192,36),(1193,72),(1194,56),(1195,70),(1196,215),(1197,98),(1198,704),(1199,64),(1200,644),(1201,210),(1202,199),(1203,183),(1204,70),(1205,129),(1206,129),(1207,742),(1208,241),(1209,628),(1210,70),(1211,25),(1212,210),(1213,72),(1214,72),(1215,758),(1216,75),(1217,760),(1218,210),(1219,210),(1220,6),(1221,52),(1222,140),(1223,140),(1224,127),(1225,129),(1226,391),(1227,210),(1228,449),(1229,64),(1230,14),(1231,698),(1232,70),(1233,70),(1234,70),(1235,70),(1236,70),(1237,70),(1238,70),(1239,70),(1240,3),(1241,760),(1242,75),(1243,70),(1244,117),(1245,75),(1246,70),(1247,70),(1248,271),(1249,369),(1250,183),(1251,70),(1252,127),(1253,127),(1254,0),(1255,64),(1256,70),(1257,117),(1258,149),(1259,0),(1260,129),(1261,1358),(1262,70),(1263,0),(1264,698),(1265,758),(1266,549),(1267,549),(1268,25),(1269,25),(1270,52),(1271,498),(1272,70),(1273,70),(1274,70),(1275,70),(1276,115),(1277,34),(1278,758),(1279,568),(1280,338),(1281,56),(1282,88),(1283,34),(1284,36),(1285,70),(1286,25),(1287,70),(1288,295),(1289,601),(1290,698),(1291,25),(1292,2134),(1293,85),(1294,64),(1295,87),(1296,87),(1297,199),(1298,199),(1299,199),(1300,56),(1301,197),(1302,472),(1303,973),(1304,79),(1305,472),(1306,760),(1307,45),(1308,45),(1309,70),(1310,7),(1311,58),(1312,210),(1313,70),(1314,87),(1315,64),(1316,64),(1317,72),(1318,932),(1319,932),(1320,70),(1321,498),(1322,53),(1323,7),(1324,369),(1325,34),(1326,6),(1327,472),(1328,85),(1329,101),(1330,101),(1331,85),(1332,85),(1333,6),(1334,601),(1335,141),(1336,704),(1337,973),(1338,52),(1339,52),(1340,6),(1341,70),(1342,271),(1343,9),(1344,7),(1345,498),(1346,498),(1347,498),(1348,64),(1349,179),(1350,96),(1351,129),(1352,199),(1353,127),(1354,476),(1355,70),(1356,65),(1357,14),(1358,25),(1359,101),(1360,10),(1361,28),(1362,52),(1363,94),(1364,14),(1365,117),(1366,9),(1367,64),(1368,129),(1369,197),(1370,129),(1371,188),(1372,72),(1373,157),(1374,94),(1375,157),(1376,94),(1377,94),(1378,94),(1379,14),(1380,34),(1381,117),(1383,34),(1385,448),(1386,141),(1387,58),(1388,1736),(1389,9),(1390,973),(1391,7),(1392,6),(1393,52),(1394,6),(1395,105),(1396,568),(1397,601),(1398,5),(1399,140),(1400,636),(1401,644),(1402,28),(1403,117),(1404,704),(1405,34),(1406,36),(1407,127),(1408,698),(1409,36),(1410,60),(1411,72),(1412,72),(1413,72),(1414,72),(1415,7),(1416,787),(1417,100),(1418,6),(1419,100),(1420,72),(1421,7),(1422,140),(1423,476),(1424,909),(1425,909),(1426,75),(1427,376),(1428,376),(1429,376),(1430,498),(1431,127),(1432,758),(1433,704),(1471,157),(1472,36),(1473,60),(1474,64),(1475,25),(1550,70),(1551,973),(1552,215),(1553,2289),(1632,140),(1669,101),(1711,70),(1748,498),(1749,25),(1750,502),(1751,64),(1752,64),(1753,94),(1788,577),(1925,36),(1928,25),(1949,549),(1950,549),(1990,498),(2027,129),(2041,129),(2046,129),(2047,127),(2059,11),(2062,3),(2063,85),(2064,101),(2065,271),(2066,14),(2068,376),(2069,70),(2076,58),(2077,199),(2079,58),(2080,94),(2081,210),(2087,34),(2093,117),(2095,129),(2106,472),(2108,140),(2109,129),(2110,210),(2111,476),(2112,157),(2113,220),(2114,271),(2116,127),(2117,52),(2153,85),(2154,53),(2155,56),(2156,58),(2189,105),(2345,369),(2349,70),(2351,70),(2352,9),(2355,338),(2356,199),(2384,448),(2386,448),(2387,448),(2388,141),(2389,64),(2489,34),(2490,34),(2491,64),(2492,105),(2493,149),(2530,140),(2532,338),(2533,5),(2534,202),(2535,70),(2573,127),(2574,25),(2575,117),(2576,75),(2578,338),(2615,849),(2617,498),(2618,14),(2619,549),(2693,14),(2729,5),(2732,210),(2733,129),(2734,58),(2735,3);
/*!40000 ALTER TABLE `game_publisher` ENABLE KEYS */;
UNLOCK TABLES;

--
-- Table structure for table `game_status`
--

DROP TABLE IF EXISTS `game_status`;
/*!40101 SET @saved_cs_client     = @@character_set_client */;
/*!40101 SET character_set_client = utf8 */;
CREATE TABLE `game_status` (
  `id` int(11) NOT NULL AUTO_INCREMENT,
  `user_id` int(11) DEFAULT NULL,
  `status_id` int(11) DEFAULT NULL,
  `game_id` int(11) DEFAULT NULL,
  PRIMARY KEY (`id`),
  UNIQUE KEY `ix_uq` (`user_id`,`status_id`,`game_id`)
) ENGINE=InnoDB AUTO_INCREMENT=3 DEFAULT CHARSET=utf8;
/*!40101 SET character_set_client = @saved_cs_client */;

--
-- Dumping data for table `game_status`
--

LOCK TABLES `game_status` WRITE;
/*!40000 ALTER TABLE `game_status` DISABLE KEYS */;
INSERT INTO `game_status` VALUES (1,5,2,1038),(2,5,2,1039);
/*!40000 ALTER TABLE `game_status` ENABLE KEYS */;
UNLOCK TABLES;

--
-- Table structure for table `game_system`
--

DROP TABLE IF EXISTS `game_system`;
/*!40101 SET @saved_cs_client     = @@character_set_client */;
/*!40101 SET character_set_client = utf8 */;
CREATE TABLE `game_system` (
  `game_id` int(11) DEFAULT NULL,
  `system_id` int(11) DEFAULT NULL,
  `id` int(11) NOT NULL AUTO_INCREMENT,
  PRIMARY KEY (`id`),
  UNIQUE KEY `ix_uq` (`game_id`,`system_id`)
) ENGINE=InnoDB AUTO_INCREMENT=770 DEFAULT CHARSET=utf8;
/*!40101 SET character_set_client = @saved_cs_client */;

--
-- Dumping data for table `game_system`
--

LOCK TABLES `game_system` WRITE;
/*!40000 ALTER TABLE `game_system` DISABLE KEYS */;
INSERT INTO `game_system` VALUES (761,1,2),(762,1,611),(763,1,4),(764,1,5),(765,1,3),(766,1,6),(767,1,7),(768,1,8),(769,1,9),(770,1,612),(771,1,613),(772,1,10),(773,1,614),(774,1,615),(775,1,616),(776,1,617),(777,1,618),(778,1,619),(779,1,11),(780,1,13),(781,1,14),(782,1,15),(783,1,12),(784,1,16),(785,1,17),(786,1,18),(787,1,19),(788,1,20),(789,1,21),(790,1,22),(791,1,23),(792,1,24),(793,1,25),(794,1,26),(795,1,41),(796,1,42),(797,1,43),(798,1,44),(799,1,45),(800,1,46),(801,1,48),(802,1,47),(803,1,49),(804,1,50),(805,1,51),(806,1,52),(807,1,54),(808,1,53),(809,1,55),(810,1,56),(811,1,57),(812,1,58),(813,1,620),(814,1,59),(815,1,61),(816,1,60),(817,1,621),(818,1,62),(819,1,67),(820,1,63),(821,1,64),(822,1,65),(823,1,66),(824,1,68),(825,1,69),(826,1,70),(827,1,71),(828,1,72),(829,1,74),(830,1,73),(831,1,85),(832,1,86),(833,1,87),(834,1,88),(835,1,89),(836,1,90),(837,1,92),(838,1,93),(839,1,622),(840,1,91),(841,1,94),(842,1,95),(843,1,96),(844,1,100),(845,1,97),(846,1,99),(847,1,98),(848,1,101),(849,1,102),(850,1,103),(851,1,104),(852,1,623),(853,1,105),(854,1,106),(855,1,107),(856,1,108),(857,1,109),(858,1,110),(859,1,111),(860,1,113),(861,1,114),(862,1,115),(863,1,116),(864,1,624),(865,1,118),(866,1,117),(867,1,119),(868,1,120),(869,1,112),(870,1,121),(871,1,123),(872,1,122),(873,1,134),(874,1,141),(875,1,136),(876,1,135),(877,1,137),(878,1,138),(879,1,142),(880,1,625),(881,1,139),(882,1,140),(883,1,143),(884,1,144),(885,1,145),(886,1,146),(887,1,147),(888,1,148),(889,1,149),(890,1,150),(891,1,151),(892,1,152),(893,1,153),(894,1,154),(895,1,155),(896,1,156),(897,1,157),(898,1,158),(899,1,159),(900,1,160),(901,1,161),(902,1,162),(903,1,164),(904,1,163),(905,1,165),(906,1,166),(907,1,167),(908,1,168),(909,1,171),(910,1,177),(911,1,178),(912,1,626),(913,1,179),(914,1,180),(915,1,181),(916,1,628),(917,1,183),(918,1,182),(919,1,627),(920,1,184),(921,1,185),(922,1,189),(923,1,186),(924,1,187),(925,1,188),(926,1,191),(927,1,192),(928,1,193),(929,1,194),(930,1,195),(931,1,196),(932,1,197),(933,1,198),(934,1,199),(935,1,200),(936,1,629),(937,1,630),(938,1,201),(939,1,202),(940,1,203),(941,1,204),(942,1,205),(943,1,206),(944,1,207),(945,1,208),(946,1,209),(947,1,210),(948,1,223),(949,1,219),(950,1,220),(951,1,633),(952,1,221),(953,1,222),(954,1,634),(955,1,635),(956,1,224),(957,1,225),(958,1,226),(959,1,227),(960,1,228),(961,1,229),(962,1,636),(963,1,637),(964,1,230),(965,1,231),(966,1,234),(967,1,232),(968,1,233),(969,1,235),(970,1,236),(971,1,237),(972,1,238),(973,1,638),(974,1,240),(975,1,239),(976,1,241),(977,1,242),(978,1,246),(979,1,243),(980,1,244),(981,1,245),(982,1,247),(983,1,248),(984,1,639),(985,1,249),(986,1,250),(987,1,252),(988,1,251),(989,1,253),(990,1,640),(991,1,266),(992,1,269),(993,1,267),(994,1,268),(995,1,270),(996,1,271),(997,1,272),(998,1,273),(999,1,274),(1000,1,275),(1001,1,276),(1002,1,279),(1003,1,277),(1004,1,641),(1005,1,278),(1006,1,642),(1007,1,643),(1008,1,281),(1009,1,282),(1010,1,280),(1011,1,283),(1012,1,284),(1013,1,644),(1014,1,285),(1015,1,645),(1016,1,286),(1017,1,646),(1018,1,287),(1019,1,288),(1020,1,289),(1021,1,290),(1022,1,291),(1023,1,292),(1024,1,293),(1025,1,294),(1026,1,295),(1027,1,296),(1028,1,297),(1029,1,647),(1030,1,298),(1031,1,299),(1032,1,309),(1033,1,310),(1034,1,311),(1035,1,312),(1036,1,313),(1037,1,314),(1038,1,1),(1039,1,315),(1040,1,317),(1040,2,769),(1041,1,318),(1042,1,319),(1043,1,320),(1044,1,322),(1045,1,323),(1046,1,321),(1047,1,324),(1048,1,325),(1049,1,326),(1050,1,327),(1051,1,328),(1052,1,329),(1053,1,330),(1054,1,332),(1055,1,331),(1056,1,333),(1057,1,335),(1058,1,334),(1059,1,336),(1060,1,337),(1061,1,339),(1062,1,338),(1063,1,353),(1064,1,354),(1065,1,352),(1066,1,355),(1067,1,356),(1068,1,357),(1069,1,358),(1070,1,359),(1071,1,360),(1072,1,361),(1073,1,362),(1074,1,363),(1075,1,365),(1076,1,364),(1077,1,366),(1078,1,367),(1079,1,368),(1080,1,369),(1081,1,373),(1082,1,370),(1083,1,371),(1084,1,372),(1085,1,374),(1086,1,375),(1087,1,376),(1088,1,377),(1089,1,378),(1090,1,379),(1091,1,380),(1092,1,381),(1093,1,382),(1094,1,385),(1095,1,383),(1096,1,384),(1097,1,386),(1098,1,387),(1099,1,388),(1100,1,389),(1101,1,391),(1102,1,390),(1103,1,392),(1104,1,403),(1105,1,404),(1106,1,405),(1107,1,406),(1108,1,407),(1109,1,408),(1110,1,409),(1111,1,410),(1112,1,411),(1113,1,412),(1114,1,413),(1115,1,414),(1116,1,416),(1117,1,417),(1118,1,415),(1119,1,418),(1120,1,419),(1121,1,420),(1122,1,423),(1123,1,421),(1124,1,422),(1125,1,424),(1126,1,425),(1127,1,426),(1128,1,427),(1129,1,428),(1130,1,429),(1131,1,430),(1132,1,431),(1133,1,432),(1134,1,433),(1135,1,434),(1136,1,436),(1137,1,437),(1138,1,439),(1139,1,438),(1140,1,448),(1141,1,449),(1142,1,450),(1143,1,451),(1144,1,452),(1145,1,453),(1146,1,454),(1147,1,455),(1148,1,456),(1149,1,655),(1150,1,457),(1151,1,458),(1152,1,459),(1153,1,461),(1154,1,463),(1155,1,460),(1156,1,462),(1157,1,435),(1158,1,464),(1159,1,465),(1160,1,466),(1161,1,467),(1162,1,468),(1163,1,469),(1164,1,470),(1165,1,474),(1166,1,471),(1167,1,472),(1168,1,473),(1169,1,475),(1170,1,476),(1171,1,477),(1172,1,478),(1173,1,479),(1174,1,480),(1175,1,481),(1176,1,482),(1177,1,656),(1178,1,483),(1179,1,484),(1180,1,485),(1181,1,486),(1182,1,497),(1183,1,498),(1184,1,499),(1185,1,500),(1186,1,501),(1187,1,502),(1188,1,505),(1189,1,504),(1190,1,503),(1191,1,506),(1192,1,507),(1193,1,659),(1194,1,508),(1195,1,509),(1196,1,510),(1197,1,511),(1198,1,512),(1199,1,513),(1200,1,514),(1201,1,515),(1202,1,516),(1203,1,517),(1204,1,518),(1205,1,520),(1206,1,519),(1207,1,521),(1208,1,522),(1209,1,523),(1210,1,524),(1211,1,525),(1212,1,530),(1213,1,526),(1214,1,527),(1215,1,660),(1216,1,528),(1217,1,529),(1218,1,531),(1219,1,532),(1220,1,533),(1221,1,534),(1222,1,190),(1223,1,535),(1224,1,547),(1225,1,550),(1226,1,549),(1227,1,551),(1228,1,552),(1229,1,553),(1230,1,554),(1231,1,556),(1232,1,557),(1233,1,555),(1234,1,558),(1235,1,559),(1236,1,560),(1237,1,561),(1238,1,562),(1239,1,563),(1240,1,564),(1241,1,565),(1242,1,568),(1243,1,569),(1244,1,566),(1245,1,567),(1246,1,570),(1247,1,571),(1248,1,572),(1249,1,574),(1250,1,573),(1251,1,575),(1252,1,576),(1253,1,577),(1254,1,584),(1255,1,578),(1256,1,579),(1257,1,580),(1258,1,581),(1259,1,582),(1260,1,585),(1261,1,586),(1262,1,587),(1263,1,583),(1264,1,588),(1265,1,589),(1266,1,602),(1267,1,603),(1268,1,604),(1269,1,605),(1270,1,661),(1271,1,606),(1272,1,607),(1273,1,608),(1274,1,609),(1275,1,610),(1276,1,665),(1277,1,666),(1278,1,667),(1279,1,662),(1280,1,668),(1281,1,669),(1282,1,670),(1283,1,671),(1284,1,673),(1285,1,672),(1286,1,674),(1287,1,29),(1288,1,27),(1289,1,28),(1290,1,677),(1291,1,675),(1292,1,676),(1293,1,679),(1294,1,678),(1295,1,680),(1296,1,681),(1297,1,682),(1298,1,683),(1299,1,684),(1300,1,685),(1301,1,686),(1302,1,697),(1303,1,701),(1304,1,702),(1305,1,698),(1306,1,700),(1307,1,703),(1308,1,704),(1309,1,705),(1310,1,706),(1311,1,707),(1312,1,708),(1313,1,709),(1314,1,713),(1315,1,710),(1316,1,711),(1317,1,712),(1318,1,714),(1319,1,715),(1320,1,716),(1321,1,717),(1322,1,718),(1323,1,719),(1324,1,720),(1325,1,721),(1326,1,724),(1327,1,722),(1328,1,723),(1329,1,726),(1330,1,725),(1331,1,727),(1332,1,728),(1333,1,729),(1334,1,730),(1335,1,731),(1336,1,732),(1337,1,733),(1338,1,734),(1339,1,735),(1340,1,736),(1341,1,737),(1342,1,738),(1343,1,664),(1344,1,751),(1345,1,752),(1346,1,753),(1347,1,754),(1348,1,755),(1349,1,759),(1350,1,756),(1351,1,757),(1352,1,758),(1353,1,762),(1354,1,760),(1355,1,761),(1356,1,763),(1357,1,764),(1358,1,765),(1359,1,766),(1360,1,767),(1361,1,80),(1362,1,79),(1363,1,76),(1364,1,75),(1365,1,77),(1366,1,78),(1367,1,125),(1368,1,126),(1369,1,129),(1370,1,128),(1371,1,124),(1372,1,127),(1373,1,170),(1374,1,174),(1375,1,169),(1376,1,172),(1377,1,173),(1378,1,175),(1379,1,211),(1380,1,214),(1381,1,212),(1383,1,213),(1385,1,302),(1386,1,345),(1387,1,341),(1388,1,340),(1389,1,344),(1390,1,343),(1391,1,342),(1392,1,393),(1393,1,397),(1394,1,394),(1395,1,395),(1396,1,649),(1397,1,442),(1398,1,396),(1399,1,443),(1400,1,441),(1401,1,444),(1402,1,440),(1403,1,490),(1404,1,489),(1405,1,651),(1406,1,658),(1407,1,487),(1408,1,488),(1409,1,657),(1410,1,536),(1411,1,540),(1412,1,538),(1413,1,539),(1414,1,537),(1415,1,590),(1416,1,541),(1417,1,592),(1418,1,593),(1419,1,591),(1420,1,594),(1421,1,595),(1422,1,687),(1423,1,692),(1424,1,691),(1425,1,690),(1426,1,689),(1427,1,259),(1428,1,744),(1429,1,741),(1430,1,742),(1431,1,740),(1432,1,688),(1433,1,743),(1471,1,30),(1472,1,31),(1473,1,38),(1474,1,39),(1475,1,40),(1550,1,130),(1551,1,131),(1552,1,132),(1553,1,133),(1632,1,215),(1669,1,254),(1711,1,300),(1748,1,346),(1749,1,347),(1750,1,348),(1751,1,349),(1752,1,350),(1753,1,351),(1788,1,398),(1925,1,32),(1928,1,33),(1949,1,600),(1950,1,601),(1990,1,693),(2027,1,739),(2041,1,82),(2046,1,83),(2047,1,81),(2059,1,176),(2062,1,216),(2063,1,632),(2064,1,631),(2065,1,218),(2066,1,217),(2068,1,260),(2069,1,257),(2076,1,400),(2077,1,402),(2079,1,399),(2080,1,401),(2081,1,650),(2087,1,652),(2093,1,491),(2095,1,542),(2106,1,699),(2108,1,695),(2109,1,696),(2110,1,694),(2111,1,663),(2112,1,747),(2113,1,750),(2114,1,745),(2116,1,749),(2117,1,748),(2153,1,34),(2154,1,35),(2155,1,36),(2156,1,37),(2189,1,84),(2345,1,255),(2349,1,256),(2351,1,263),(2352,1,258),(2355,1,261),(2356,1,262),(2384,1,301),(2386,1,303),(2387,1,304),(2388,1,305),(2389,1,306),(2489,1,653),(2490,1,654),(2491,1,445),(2492,1,446),(2493,1,447),(2530,1,494),(2532,1,492),(2533,1,493),(2534,1,495),(2535,1,496),(2573,1,543),(2574,1,544),(2575,1,545),(2576,1,548),(2578,1,546),(2615,1,596),(2617,1,597),(2618,1,598),(2619,1,599),(2693,1,746),(2729,1,264),(2732,1,265),(2733,1,307),(2734,1,648),(2735,1,308);
/*!40000 ALTER TABLE `game_system` ENABLE KEYS */;
UNLOCK TABLES;

--
-- Table structure for table `genre_info`
--

DROP TABLE IF EXISTS `genre_info`;
/*!40101 SET @saved_cs_client     = @@character_set_client */;
/*!40101 SET character_set_client = utf8 */;
CREATE TABLE `genre_info` (
  `id` int(11) NOT NULL AUTO_INCREMENT,
  `genre` varchar(255) DEFAULT NULL,
  PRIMARY KEY (`id`),
  UNIQUE KEY `genre_UNIQUE` (`genre`)
) ENGINE=InnoDB AUTO_INCREMENT=793 DEFAULT CHARSET=utf8;
/*!40101 SET character_set_client = @saved_cs_client */;

--
-- Dumping data for table `genre_info`
--

LOCK TABLES `genre_info` WRITE;
/*!40000 ALTER TABLE `genre_info` DISABLE KEYS */;
INSERT INTO `genre_info` VALUES (346,'3D Shooter'),(37,'Action'),(13,'Action Platformer'),(11,'Action Role-playing'),(371,'Action-adventure'),(439,'Action-platformer'),(17,'Adventure'),(449,'Adventure (movie based)'),(442,'Arcade Compilation'),(792,'Art Tool'),(57,'Baseball'),(26,'Basketball'),(29,'Beat \'Em Up'),(328,'Billiards'),(69,'Board game'),(50,'Bowling'),(120,'Boxing'),(587,'Breakout'),(445,'Cabal Shooter'),(391,'Card Game'),(118,'Cinematic Platformer'),(393,'Combat Flight Simulator'),(127,'Compilation'),(377,'Cricket'),(203,'Educational'),(27,'Educational Action'),(7,'Educational Animator'),(49,'Educational Platformer'),(435,'Educational strategy'),(24,'Fighting'),(539,'First-person shooter'),(28,'Fishing'),(446,'Flight sim'),(6,'Football'),(367,'Gambling'),(434,'Game Show'),(213,'Golf'),(46,'Hockey'),(4,'Isometric Shoot \'em Up'),(197,'Jet Flight Simulation'),(417,'Jet Flight Simulator'),(34,'Light Gun Shooter'),(350,'Multidirectional Shooter'),(261,'Olympics'),(275,'Pinball'),(1,'Platformer'),(56,'Puzzle'),(42,'Racing'),(36,'Rail Shooter'),(217,'Real-time Strategy'),(258,'Real-time Tactics'),(2,'Role-playing'),(552,'Rugby'),(23,'Run and Gun'),(20,'Scrolling Shooter'),(59,'Shoot \'em Up'),(202,'Shooting Simulator'),(143,'Side scroller'),(493,'Side-scrolling Strategy'),(22,'Simulation'),(3,'Soccer'),(180,'Soccer Management'),(428,'Space Flight Simulator'),(58,'Sports'),(430,'Sports (ice hockey)'),(345,'Sports Compilation'),(129,'Strategy'),(81,'Tennis'),(128,'Turn-based Strategy'),(33,'Vehicular combat'),(145,'Volleyball'),(234,'Wrestling');
/*!40000 ALTER TABLE `genre_info` ENABLE KEYS */;
UNLOCK TABLES;

--
-- Table structure for table `review`
--

DROP TABLE IF EXISTS `review`;
/*!40101 SET @saved_cs_client     = @@character_set_client */;
/*!40101 SET character_set_client = utf8 */;
CREATE TABLE `review` (
  `id` int(11) NOT NULL AUTO_INCREMENT,
  `user_id` int(11) DEFAULT NULL,
  `game_id` int(11) DEFAULT NULL,
  `review_text` mediumtext,
  `review_score` int(10) DEFAULT NULL,
  PRIMARY KEY (`id`)
) ENGINE=InnoDB AUTO_INCREMENT=2 DEFAULT CHARSET=utf8;
/*!40101 SET character_set_client = @saved_cs_client */;

--
-- Dumping data for table `review`
--

LOCK TABLES `review` WRITE;
/*!40000 ALTER TABLE `review` DISABLE KEYS */;
INSERT INTO `review` VALUES (1,1,1,'game is good',10);
/*!40000 ALTER TABLE `review` ENABLE KEYS */;
UNLOCK TABLES;

--
-- Table structure for table `status_info`
--

DROP TABLE IF EXISTS `status_info`;
/*!40101 SET @saved_cs_client     = @@character_set_client */;
/*!40101 SET character_set_client = utf8 */;
CREATE TABLE `status_info` (
  `id` int(11) NOT NULL AUTO_INCREMENT,
  `type` varchar(45) DEFAULT NULL,
  PRIMARY KEY (`id`)
) ENGINE=InnoDB AUTO_INCREMENT=6 DEFAULT CHARSET=utf8;
/*!40101 SET character_set_client = @saved_cs_client */;

--
-- Dumping data for table `status_info`
--

LOCK TABLES `status_info` WRITE;
/*!40000 ALTER TABLE `status_info` DISABLE KEYS */;
INSERT INTO `status_info` VALUES (1,'Started'),(2,'Completed'),(3,'Dropped'),(4,'Interested'),(5,'Plan to Play');
/*!40000 ALTER TABLE `status_info` ENABLE KEYS */;
UNLOCK TABLES;

--
-- Table structure for table `system_info`
--

DROP TABLE IF EXISTS `system_info`;
/*!40101 SET @saved_cs_client     = @@character_set_client */;
/*!40101 SET character_set_client = utf8 */;
CREATE TABLE `system_info` (
  `id` int(11) NOT NULL AUTO_INCREMENT,
  `name` varchar(45) DEFAULT NULL,
  `year` varchar(45) DEFAULT NULL,
  `publisher` varchar(45) DEFAULT NULL,
  `art` blob,
  PRIMARY KEY (`id`)
) ENGINE=InnoDB AUTO_INCREMENT=4 DEFAULT CHARSET=utf8;
/*!40101 SET character_set_client = @saved_cs_client */;

--
-- Dumping data for table `system_info`
--

LOCK TABLES `system_info` WRITE;
/*!40000 ALTER TABLE `system_info` DISABLE KEYS */;
INSERT INTO `system_info` VALUES (1,'Super Nintendo','1991','Nintendo',NULL),(2,'PS2','2000','Sony',NULL),(3,'Gamecube','2001','Nintendo',NULL);
/*!40000 ALTER TABLE `system_info` ENABLE KEYS */;
UNLOCK TABLES;

--
-- Table structure for table `user`
--

DROP TABLE IF EXISTS `user`;
/*!40101 SET @saved_cs_client     = @@character_set_client */;
/*!40101 SET character_set_client = utf8 */;
CREATE TABLE `user` (
  `id` int(11) NOT NULL AUTO_INCREMENT,
  `user_type` int(11) DEFAULT NULL,
  `username` varchar(45) DEFAULT NULL,
  `user_join_date` date DEFAULT NULL,
  `email` varchar(45) DEFAULT NULL,
  `salt` varchar(2056) DEFAULT NULL,
  `password` varchar(2056) DEFAULT NULL,
  PRIMARY KEY (`id`)
) ENGINE=InnoDB AUTO_INCREMENT=7 DEFAULT CHARSET=utf8;
/*!40101 SET character_set_client = @saved_cs_client */;

--
-- Dumping data for table `user`
--

LOCK TABLES `user` WRITE;
/*!40000 ALTER TABLE `user` DISABLE KEYS */;
INSERT INTO `user` VALUES (1,4,'admin',NULL,'admin@videogamedb.com','0',NULL),(2,4,'samuelio',NULL,'samuelio@videogamedb.com','0',NULL),(3,1,'\'sam\'','2015-07-23','\'samueliox@gmail.com\'','269fb3f61347aa9d','3e02e87cd5b5e3fbb7ffbb55b5c0df1ea498d3228049156b01afb8a8f8e5cac97cbc435e74eb5b290d9cb9e90eaca39c1a415f75be723c7077e94b7781dd5cc5'),(4,1,'sam','2017-05-28','samueliox@gmail.com','724cbb5d46ef4ed0','c9959dc3772b160d561eb65b122e1f0a8a6a313f69c4ff618e67f95ee711e2261890bc980981653164dc166a3e6e450fbc2bbfa16d9bf10322aabdbdc94a43bb'),(5,1,'samtest','2017-05-31','samtest@gmail.com','88ef899fbde8ffda','7e959dc5aa46d08e5f51bbc9f8b2eb97ae94625606d595709c36edb861a5ae97404336787cec11c2ce4f4aa1e5665e72b2e9b2a8bf4915b2d191cd40d9d9edd5'),(6,1,'samtest1','2017-06-01','samtest1@gmail.com','ce3e74447f2e8558','afb2e0fe9b69f856f47338e9e7b0dd8a80207c90f2ce98facf2677cb24cacd8a022ac5d89e9b42190907d17389de07c8554f44fb8252e43019431bc7b3c73eb9');
/*!40000 ALTER TABLE `user` ENABLE KEYS */;
UNLOCK TABLES;

--
-- Table structure for table `video_game_info`
--

DROP TABLE IF EXISTS `video_game_info`;
/*!40101 SET @saved_cs_client     = @@character_set_client */;
/*!40101 SET character_set_client = utf8 */;
CREATE TABLE `video_game_info` (
  `id` int(11) NOT NULL AUTO_INCREMENT,
  `name` varchar(255) DEFAULT NULL,
  `boxart` blob,
  `release_date` date DEFAULT NULL,
  PRIMARY KEY (`id`),
  UNIQUE KEY `name_UNIQUE` (`name`)
) ENGINE=InnoDB AUTO_INCREMENT=2736 DEFAULT CHARSET=utf8;
/*!40101 SET character_set_client = @saved_cs_client */;

--
-- Dumping data for table `video_game_info`
--

LOCK TABLES `video_game_info` WRITE;
/*!40000 ALTER TABLE `video_game_info` DISABLE KEYS */;
INSERT INTO `video_game_info` VALUES (761,'3 Ninjas Kick Back',NULL,'1994-06-19'),(762,'The 7th Saga',NULL,'1993-08-03'),(763,'A.S.P. Air Strike Patrol\n                    •Desert FighterEU',NULL,'1995-01-01'),(764,'AAAHH!!! Real Monsters',NULL,'1995-08-15'),(765,'90 Minutes European Prime Goal',NULL,'1995-12-20'),(766,'ABC Monday Night Football',NULL,'1993-12-07'),(767,'Acme Animation Factory',NULL,'1994-11-05'),(768,'ActRaiser',NULL,'1991-11-01'),(769,'ActRaiser 2',NULL,'1993-11-16'),(770,'The Addams Family',NULL,'1992-03-10'),(771,'The Addams Family: Pugsley\'s Scavenger Hunt',NULL,'1993-02-23'),(772,'Addams Family Values',NULL,'1995-02-14'),(773,'The Adventures of Batman & Robin',NULL,'1994-12-01'),(774,'The Adventures of Dr. Franken',NULL,'1993-12-01'),(775,'The Adventures of Kid Kleets\n                    •Soccer KidEU',NULL,'1993-12-01'),(776,'The Adventures of Mighty Max',NULL,'1995-02-07'),(777,'The Adventures of Rocky and Bullwinkle and Friends',NULL,'1993-06-01'),(778,'The Adventures of Tintin: Prisoners of the Sun',NULL,'1997-02-09'),(779,'Adventures of Yogi Bear\n                    •Yogi Bear\'s Cartoon CaperEU',NULL,'1994-10-01'),(780,'Aero the Acro-Bat',NULL,'1993-10-12'),(781,'Aero the Acro-Bat 2',NULL,'1994-11-01'),(782,'Aerobiz',NULL,'1993-02-02'),(783,'Aero Fighters',NULL,'1994-11-01'),(784,'Aerobiz Supersonic',NULL,'1994-08-29'),(785,'Air Cavalry',NULL,'1995-06-20'),(786,'Al Unser Jr.\'s Road to the Top',NULL,'1994-11-01'),(787,'Alfred Chicken',NULL,'1994-02-01'),(788,'Alien 3',NULL,'1993-05-17'),(789,'Alien vs Predator',NULL,'1993-09-04'),(790,'American Gladiators',NULL,'1993-04-13'),(791,'An American Tail: Fievel Goes West',NULL,'1994-08-30'),(792,'Andre Agassi Tennis',NULL,'1994-05-31'),(793,'Animaniacs',NULL,'1994-11-01'),(794,'Arcade\'s Greatest Hits: The Atari Collection 1',NULL,'1997-08-30'),(795,'Battle Blaze',NULL,'1993-10-19'),(796,'Battle Cars',NULL,'1993-10-11'),(797,'Battle Clash',NULL,'1992-10-01'),(798,'Battle Grand Prix',NULL,'1993-04-20'),(799,'Battletoads & Double Dragon',NULL,'1993-12-01'),(800,'Battletoads in Battlemaniacs',NULL,'1993-06-29'),(801,'Beavis and Butt-head',NULL,'1994-11-01'),(802,'Bazooka Blitzkrieg\n                    •DestructiveJap',NULL,'1992-12-31'),(803,'Bébé\'s Kids',NULL,'1994-04-19'),(804,'Beethoven: The Ultimate Canine Caper\n                    •Beethoven\'s 2ndEU',NULL,'1993-12-17'),(805,'Best of the Best: Championship Karate',NULL,'1993-11-24'),(806,'Big Sky Trooper',NULL,'1995-10-10'),(807,'Bill Laimbeer\'s Combat Basketball',NULL,'1991-12-01'),(808,'Biker Mice from Mars',NULL,'1994-12-01'),(809,'Bill Walsh College Football',NULL,'1993-06-01'),(810,'BioMetal',NULL,'1993-06-01'),(811,'Blackthorne\n                    •BlackhawkEU',NULL,'1995-08-10'),(812,'BlaZeon: The Bio-Cyborg Challenge',NULL,'1992-10-27'),(813,'The Blues Brothers',NULL,'1993-06-01'),(814,'Boogerman: A Pick and Flick Adventure',NULL,'1995-09-15'),(815,'Brain Lord',NULL,'1994-10-01'),(816,'Boxing Legends of the Ring\n                    •Chavez IIMX',NULL,'1994-11-01'),(817,'The Brainies',NULL,'1996-04-02'),(818,'Bram Stoker\'s Dracula',NULL,'1993-01-01'),(819,'Breath of Fire II',NULL,'1995-12-10'),(820,'Brandish',NULL,'1995-02-28'),(821,'Brawl Brothers\n                    •Brawl Brothers: Rival Turf! 2EU',NULL,'1993-04-13'),(822,'BreakThru!',NULL,'1994-06-01'),(823,'Breath of Fire',NULL,'1994-08-10'),(824,'Brett Hull Hockey',NULL,'1994-01-11'),(825,'Brett Hull Hockey \'95',NULL,'1994-09-09'),(826,'Bronkie the Bronchiasaurus',NULL,'1995-09-26'),(827,'Brunswick World: Tournament of Champions',NULL,'1997-08-12'),(828,'Brutal: Paws of Fury',NULL,'1994-12-06'),(829,'Bubsy in Claws Encounters of the Furred Kind',NULL,'1993-05-01'),(830,'Bubsy 2',NULL,'1994-04-03'),(831,'Carrier Aces',NULL,'1995-01-01'),(832,'Casper',NULL,'1996-12-01'),(833,'Castlevania: Dracula X\n                    •Castlevania: Vampire\'s KissEU',NULL,'1995-09-01'),(834,'Champions World Class Soccer',NULL,'1994-11-04'),(835,'Championship Pool',NULL,'1993-11-03'),(836,'Championship Soccer \'94\n                    •Sensible Soccer: International EditionEU',NULL,'1994-06-23'),(837,'Chester Cheetah: Wild Wild Quest',NULL,'1994-03-01'),(838,'Choplifter III',NULL,'1994-01-01'),(839,'The Chessmaster',NULL,'1991-09-01'),(840,'Chester Cheetah: Too Cool to Fool',NULL,'1992-12-02'),(841,'Chrono Trigger',NULL,'1995-08-22'),(842,'Chuck Rock',NULL,'1992-11-01'),(843,'Civilization',NULL,'1995-06-30'),(844,'Claymates',NULL,'1993-04-26'),(845,'ClayFighter',NULL,'1993-11-30'),(846,'ClayFighter: Tournament Edition',NULL,'1994-11-22'),(847,'ClayFighter 2: Judgment Clay',NULL,'1995-01-01'),(848,'Cliffhanger',NULL,'1993-10-25'),(849,'Clue',NULL,'1992-07-01'),(850,'College Football USA \'97: The Road to New Orleans',NULL,'1996-06-01'),(851,'College Slam',NULL,'1996-01-31'),(852,'The Combatribes',NULL,'1993-03-01'),(853,'Congo\'s Caper',NULL,'1993-05-01'),(854,'Contra III: The Alien Wars\n                    •Super Probotector: Alien RebelsEU',NULL,'1992-04-06'),(855,'Cool Spot',NULL,'1993-09-01'),(856,'Cool World',NULL,'1993-02-01'),(857,'Cutthroat Island',NULL,'1996-03-01'),(858,'Cyber Spin',NULL,'1992-11-01'),(859,'Cybernator',NULL,'1993-04-04'),(860,'Daffy Duck: The Marvin Missions',NULL,'1993-10-01'),(861,'Darius Twin',NULL,'1991-11-30'),(862,'David Crane\'s Amazing Tennis',NULL,'1992-11-05'),(863,'Daze Before Christmas',NULL,'1994-11-01'),(864,'The Death and Return of Superman',NULL,'1994-08-01'),(865,'Demon\'s Crest',NULL,'1994-11-01'),(866,'Demolition Man',NULL,'1995-08-01'),(867,'Dennis the Menace\n                    •DennisEU',NULL,'1993-12-01'),(868,'Desert Strike: Return to the Gulf',NULL,'1992-10-01'),(869,'D-Force',NULL,'1991-12-31'),(870,'Dig & Spike Volleyball',NULL,'1993-12-01'),(871,'DinoCity',NULL,'1992-09-04'),(872,'Dino Dini\'s Soccer',NULL,'1994-11-10'),(873,'Double Dragon V: The Shadow Falls',NULL,'1994-08-05'),(874,'Dragon: The Bruce Lee Story',NULL,'1995-07-01'),(875,'Dragon Ball Z: Super Butōden',NULL,'1993-11-30'),(876,'Dragon Ball Z: Hyper Dimension',NULL,'1996-12-31'),(877,'Dragon Ball Z: Super Butōden 2',NULL,'1994-01-01'),(878,'Dragon Ball Z: Super Butōden 3',NULL,'1994-11-29'),(879,'Drakkhen',NULL,'1991-09-01'),(880,'The Duel: Test Drive II',NULL,'1992-12-01'),(881,'Dragon View',NULL,'1994-11-17'),(882,'Dragon\'s Lair',NULL,'1993-02-01'),(883,'Dream TV',NULL,'1994-04-01'),(884,'Dungeon Master',NULL,'1993-06-01'),(885,'E.V.O.: Search for Eden',NULL,'1993-07-15'),(886,'Earth Defense Force',NULL,'1992-01-01'),(887,'EarthBound',NULL,'1995-06-05'),(888,'Earthworm Jim',NULL,'1994-10-02'),(889,'Earthworm Jim 2',NULL,'1996-01-01'),(890,'Eek! The Cat',NULL,'1994-08-01'),(891,'Elite Soccer\n                    •World Cup StrikerEU',NULL,'1994-01-01'),(892,'Emmitt Smith Football',NULL,'1995-11-01'),(893,'Equinox',NULL,'1994-03-05'),(894,'ESPN Baseball Tonight',NULL,'1994-05-01'),(895,'ESPN National Hockey Night',NULL,'1994-12-01'),(896,'ESPN Speed World',NULL,'1994-11-30'),(897,'ESPN Sunday Night NFL',NULL,'1994-11-10'),(898,'Extra Innings',NULL,'1992-03-20'),(899,'Eye of the Beholder',NULL,'1994-04-01'),(900,'F-Zero',NULL,'1991-08-23'),(901,'F1 Pole Position',NULL,'1993-09-03'),(902,'F1 Pole Position 2',NULL,'1993-12-29'),(903,'F1 ROC: Race of Champions\n                    •Exhaust HeatEU',NULL,'1992-09-01'),(904,'F1 ROC II: Race of Champions',NULL,'1994-07-01'),(905,'F1 World Championship Edition',NULL,'1995-01-01'),(906,'Faceball 2000',NULL,'1992-09-30'),(907,'Family Dog',NULL,'1993-06-23'),(908,'Family Feud',NULL,'1993-09-13'),(909,'Fatal Fury: King of Fighters',NULL,'1993-04-01'),(910,'Final Fight 3',NULL,'1996-01-01'),(911,'Final Fight Guy',NULL,'1994-06-01'),(912,'The Firemen',NULL,'1994-12-31'),(913,'Firepower 2000\n                    •Super SWIVEU',NULL,'1992-11-13'),(914,'Firestriker',NULL,'1994-10-20'),(915,'First Samurai',NULL,'1993-07-02'),(916,'The Flintstones: The Treasure of Sierra Madrock',NULL,'1994-03-01'),(917,'Football Fury',NULL,'1993-10-01'),(918,'Flashback: The Quest for Identity\n                    •FlashbackEU',NULL,'1994-02-01'),(919,'The Flintstones',NULL,'1995-02-01'),(920,'Foreman For Real',NULL,'1995-09-01'),(921,'Frank Thomas\' Big Hurt Baseball',NULL,'1995-11-01'),(922,'Fun \'n Games',NULL,'1994-08-01'),(923,'Frantic Flea',NULL,'1996-04-01'),(924,'Frogger',NULL,'1998-10-06'),(925,'Full Throttle: All-American Racing',NULL,'1995-01-01'),(926,'Gemfire',NULL,'1992-12-01'),(927,'Genghis Khan II: Clan of the Gray Wolf',NULL,'1993-12-01'),(928,'George Foreman\'s KO Boxing',NULL,'1992-09-01'),(929,'Ghoul Patrol',NULL,'1994-11-01'),(930,'Goal!\n                    •Super Goal!EU',NULL,'1992-12-07'),(931,'Gods',NULL,'1992-12-31'),(932,'Goof Troop',NULL,'1993-07-11'),(933,'GP-1',NULL,'1993-10-29'),(934,'GP-1: Part II',NULL,'1994-12-01'),(935,'Gradius III',NULL,'1991-08-23'),(936,'The Great Circus Mystery Starring Mickey & Minnie',NULL,'1994-10-16'),(937,'The Great Waldo Search',NULL,'1993-06-01'),(938,'GunForce',NULL,'1992-11-27'),(939,'Hagane: The Final Conflict',NULL,'1995-06-01'),(940,'Hal\'s Hole in One Golf',NULL,'1991-09-15'),(941,'HammerLock Wrestling',NULL,'1994-10-01'),(942,'Hanna Barbera\'s Turbo Toons',NULL,'1994-10-01'),(943,'Hardball III',NULL,'1994-06-01'),(944,'Harley\'s Humongous Adventure',NULL,'1993-02-01'),(945,'Harvest Moon',NULL,'1997-06-25'),(946,'Head-On Soccer\n                    •Fever Pitch SoccerEU',NULL,'1995-09-01'),(947,'Hebereke\'s Popoitto',NULL,'1995-09-30'),(948,'Incantation',NULL,'1996-12-01'),(949,'Hyper V-Ball',NULL,'1994-06-01'),(950,'Hyper Zone',NULL,'1991-09-01'),(951,'The Ignition Factor',NULL,'1995-01-01'),(952,'Illusion of Gaia\n                    •Illusion of TimeEU',NULL,'1994-09-01'),(953,'Imperium',NULL,'1992-11-01'),(954,'The Incredible Crash Dummies',NULL,'1993-10-01'),(955,'The Incredible Hulk',NULL,'1994-08-01'),(956,'Indiana Jones\' Greatest Adventures',NULL,'1994-10-11'),(957,'Inindo: Way of the Ninja',NULL,'1993-03-01'),(958,'Inspector Gadget',NULL,'1993-12-01'),(959,'International Superstar Soccer',NULL,'1995-06-01'),(960,'International Superstar Soccer Deluxe',NULL,'1995-11-01'),(961,'International Tennis Tour',NULL,'1993-11-01'),(962,'The Irem Skins Game\n                    •The Irem Major TitleEU',NULL,'1992-10-01'),(963,'The Itchy & Scratchy Game',NULL,'1995-03-01'),(964,'Izzy\'s Quest for the Olympic Rings',NULL,'1995-11-01'),(965,'J.R.R. Tolkien\'s The Lord of the Rings, Vol. I',NULL,'1994-10-01'),(966,'James Pond 3: Operation Starfish',NULL,'1993-01-01'),(967,'Jack Nicklaus Golf',NULL,'1992-05-15'),(968,'James Bond Jr.',NULL,'1992-10-01'),(969,'Jammit',NULL,'1994-11-01'),(970,'Jelly Boy',NULL,'1995-01-01'),(971,'Jeopardy!',NULL,'1992-12-01'),(972,'Jeopardy! Deluxe Edition',NULL,'1994-06-01'),(973,'The Jetsons: Invasion of the Planet Pirates',NULL,'1994-06-01'),(974,'Jim Lee\'s WildC.A.T.S: Covert Action Teams',NULL,'1995-11-01'),(975,'Jeopardy! Sports Edition',NULL,'1994-05-01'),(976,'Jim Power: The Lost Dimension in 3-D',NULL,'1993-12-10'),(977,'Jimmy Connors Pro Tennis Tour',NULL,'1992-12-01'),(978,'John Madden Football',NULL,'1991-11-01'),(979,'Jimmy Houston\'s Bass Tournament U.S.A.',NULL,'1995-11-01'),(980,'Joe & Mac\n                    •Joe & Mac: Caveman NinjaEU',NULL,'1992-01-07'),(981,'Joe & Mac 2: Lost in the Tropics\n                    •Joe & Mac 3: Lost in the TropicsEU',NULL,'1994-04-01'),(982,'John Madden Football \'93',NULL,'1992-11-21'),(983,'Judge Dredd',NULL,'1995-01-01'),(984,'The Jungle Book',NULL,'1994-04-15'),(985,'Jungle Strike',NULL,'1995-01-01'),(986,'Jurassic Park',NULL,'1993-11-30'),(987,'Justice League Task Force',NULL,'1995-06-01'),(988,'Jurassic Park 2: The Chaos Continues',NULL,'1995-01-01'),(989,'Ka-Blooey',NULL,'1992-08-31'),(990,'The King of Dragons',NULL,'1994-01-01'),(991,'King of the Monsters',NULL,'1992-10-01'),(992,'Kirby\'s Avalanche\n                    •Kirby\'s Ghost TrapEU',NULL,'1995-04-25'),(993,'King of the Monsters 2',NULL,'1994-06-01'),(994,'Kirby Super Star\n                    •Kirby\'s Fun PakEU',NULL,'1996-09-20'),(995,'Kirby\'s Dream Course',NULL,'1995-02-28'),(996,'Kirby\'s Dream Land 3',NULL,'1997-11-27'),(997,'Knights of the Round',NULL,'1994-04-01'),(998,'Krusty\'s Super Fun House',NULL,'1992-06-01'),(999,'Kyle Petty\'s No Fear Racing',NULL,'1995-04-01'),(1000,'Lagoon',NULL,'1992-02-01'),(1001,'Lamborghini American Challenge',NULL,'1993-01-01'),(1002,'Lemmings',NULL,'1992-03-01'),(1003,'Last Action Hero',NULL,'1993-10-01'),(1004,'The Lawnmower Man',NULL,'1993-11-08'),(1005,'Legend',NULL,'1994-04-01'),(1006,'The Legend of the Mystical Ninja',NULL,'1992-06-30'),(1007,'The Legend of Zelda: A Link to the Past',NULL,'1992-04-13'),(1008,'Lester the Unlikely',NULL,'1994-01-01'),(1009,'Lethal Enforcers',NULL,'1994-01-01'),(1010,'Lemmings 2: The Tribes',NULL,'1994-11-01'),(1011,'Lethal Weapon',NULL,'1992-12-31'),(1012,'Liberty or Death',NULL,'1994-03-18'),(1013,'The Lion King',NULL,'1994-12-08'),(1014,'Lock On\n                    •Super Air DiverEU',NULL,'1993-10-01'),(1015,'The Lost Vikings',NULL,'1993-04-29'),(1016,'Looney Tunes B-Ball\n                    •Looney Tunes BasketballEU',NULL,'1995-02-01'),(1017,'The Lost Vikings 2',NULL,'1997-05-04'),(1018,'Lucky Luke',NULL,'1997-10-27'),(1019,'Lufia & the Fortress of Doom',NULL,'1993-12-01'),(1020,'Lufia II: Rise of the Sinistrals\n                    •LufiaEU',NULL,'1996-08-31'),(1021,'M.A.C.S. Basic Rifle Marksmanship',NULL,'1993-01-01'),(1022,'Madden NFL \'94',NULL,'1993-11-19'),(1023,'Madden NFL \'95',NULL,'1994-11-01'),(1024,'Madden NFL \'96',NULL,'1995-11-10'),(1025,'Madden NFL 97',NULL,'1996-10-01'),(1026,'Madden NFL 98',NULL,'1997-11-02'),(1027,'Magic Boy',NULL,'1996-08-01'),(1028,'Magic Sword',NULL,'1992-08-14'),(1029,'The Magical Quest Starring Mickey Mouse',NULL,'1992-12-23'),(1030,'Manchester United Championship Soccer\n                    •Lothar Matthäus Super SoccerGER',NULL,'1995-01-01'),(1031,'Mario is Missing!',NULL,'1993-06-01'),(1032,'Mecarobot Golf',NULL,'1993-09-01'),(1033,'MechWarrior',NULL,'1993-05-01'),(1034,'MechWarrior 3050',NULL,'1995-10-01'),(1035,'Mega Lo Mania',NULL,'1994-12-31'),(1036,'Mega Man 7',NULL,'1995-09-30'),(1037,'Mega Man Soccer',NULL,'1994-04-02'),(1038,'Mega Man X2',NULL,'1995-01-06'),(1039,'Mega Man X',NULL,'1994-01-19'),(1040,'Mega Man X3',NULL,'1996-01-04'),(1041,'Metal Combat: Falcon\'s Revenge',NULL,'1993-12-01'),(1042,'Metal Marines',NULL,'1993-12-01'),(1043,'Metal Morph',NULL,'1994-12-01'),(1044,'Michael Andretti\'s Indy Car Challenge',NULL,'1994-09-01'),(1045,'Michael Jordan: Chaos in the Windy City',NULL,'1994-11-21'),(1046,'Metal Warriors',NULL,'1995-04-01'),(1047,'Mickey Mania: The Timeless Adventures of Mickey Mouse',NULL,'1994-10-01'),(1048,'Mickey\'s Ultimate Challenge',NULL,'1994-02-01'),(1049,'Micro Machines',NULL,'1994-12-01'),(1050,'Micro Machines 2: Turbo Tournament',NULL,'1996-02-22'),(1051,'Might and Magic II: Gates to Another World',NULL,'1993-01-01'),(1052,'Might and Magic III: Isles of Terra',NULL,'1995-01-01'),(1053,'Mighty Morphin Power Rangers',NULL,'1995-01-01'),(1054,'Mighty Morphin Power Rangers: The Movie',NULL,'1995-01-01'),(1055,'Mighty Morphin Power Rangers Fighting Edition',NULL,'1995-01-01'),(1056,'Miracle Piano',NULL,'1991-12-31'),(1057,'Mohawk & Headphone Jack',NULL,'1996-01-01'),(1058,'MLBPA Baseball',NULL,'1994-03-01'),(1059,'Monopoly',NULL,'1992-09-01'),(1060,'Mortal Kombat',NULL,'1993-09-13'),(1061,'Mortal Kombat II',NULL,'1994-09-09'),(1062,'Mortal Kombat 3',NULL,'1995-10-13'),(1063,'NBA Live 97',NULL,'1996-01-01'),(1064,'NBA Live 98',NULL,'1997-06-17'),(1065,'NBA Live 96',NULL,'1995-01-01'),(1066,'NBA Showdown',NULL,'1993-10-01'),(1067,'NCAA Basketball\n                    •World League BasketballEU',NULL,'1992-10-01'),(1068,'NCAA Final Four Basketball',NULL,'1995-02-01'),(1069,'NCAA Football',NULL,'1994-10-01'),(1070,'Newman/Haas IndyCar featuring Nigel Mansell',NULL,'1994-01-01'),(1071,'NFL Football',NULL,'1993-01-01'),(1072,'NFL Quarterback Club',NULL,'1994-01-01'),(1073,'NFL Quarterback Club 96',NULL,'1995-01-01'),(1074,'NHL 94',NULL,'1993-01-01'),(1075,'NHL 96',NULL,'1995-10-26'),(1076,'NHL 95',NULL,'1994-01-01'),(1077,'NHL 97',NULL,'1996-10-31'),(1078,'NHL 98',NULL,'1997-10-23'),(1079,'NHL Stanley Cup\n                    •Super HockeyEU',NULL,'1993-01-01'),(1080,'NHLPA Hockey \'93',NULL,'1992-12-31'),(1081,'Ninja Warriors\n                    •Ninja Warriors: The New GenerationEU',NULL,'1994-01-01'),(1082,'Nickelodeon Guts',NULL,'1994-11-01'),(1083,'Nigel Mansell\'s World Championship Racing',NULL,'1993-01-01'),(1084,'Ninja Gaiden Trilogy',NULL,'1995-08-10'),(1085,'No Escape',NULL,'1994-11-01'),(1086,'Nobunaga\'s Ambition',NULL,'1993-12-01'),(1087,'Nobunaga\'s Ambition: Lord of Darkness',NULL,'1994-01-01'),(1088,'Nolan Ryan\'s Baseball',NULL,'1992-02-28'),(1089,'Nosferatu',NULL,'1995-10-01'),(1090,'Obitus',NULL,'1994-09-01'),(1091,'Ogre Battle: March of the Black Queen',NULL,'1995-05-15'),(1092,'Olympic Summer Games',NULL,'1996-01-01'),(1093,'On the Ball',NULL,'1992-11-01'),(1094,'Operation Thunderbolt',NULL,'1994-10-01'),(1095,'Operation Europe: Path to Victory',NULL,'1994-06-01'),(1096,'Operation Logic Bomb',NULL,'1993-01-01'),(1097,'Oscar',NULL,'1996-01-01'),(1098,'Out of This World\n                    •Another WorldEU',NULL,'1992-11-01'),(1099,'Out to Lunch',NULL,'1993-01-01'),(1100,'Outlander',NULL,'1993-01-01'),(1101,'P.T.O.: Pacific Theater of Operations',NULL,'1993-09-01'),(1102,'P.T.O. II: Pacific Theater of Operations',NULL,'1995-12-01'),(1103,'Pac-Attack',NULL,'1993-01-01'),(1104,'Phantom 2040',NULL,'1995-01-01'),(1105,'Pieces',NULL,'1994-12-01'),(1106,'Pilotwings',NULL,'1991-08-23'),(1107,'Pinball Dreams',NULL,'1994-01-01'),(1108,'Pinball Fantasies',NULL,'1995-01-01'),(1109,'Pink Goes to Hollywood',NULL,'1993-01-01'),(1110,'Pirates of Dark Water',NULL,'1994-01-01'),(1111,'Pit-Fighter',NULL,'1992-03-01'),(1112,'Pitfall: The Mayan Adventure',NULL,'1994-01-01'),(1113,'Plok',NULL,'1993-01-01'),(1114,'Pocky & Rocky',NULL,'1993-01-01'),(1115,'Pocky & Rocky 2',NULL,'1994-01-01'),(1116,'Pop\'n TwinBee: Rainbow Bell Adventures',NULL,'1994-01-01'),(1117,'Populous',NULL,'1991-09-30'),(1118,'Pop\'n TwinBee',NULL,'1993-01-01'),(1119,'Populous II: Trials of the Olympian Gods',NULL,'1993-01-22'),(1120,'Porky Pig\'s Haunted Holiday',NULL,'1995-01-01'),(1121,'Power Drive',NULL,'1994-01-01'),(1122,'Power Piggs of the Dark Age',NULL,'1996-01-01'),(1123,'Power Instinct',NULL,'1994-12-01'),(1124,'Power Moves',NULL,'1993-01-01'),(1125,'Power Rangers Zeo: Battle Racers',NULL,'1996-01-01'),(1126,'Powermonger',NULL,'1993-01-01'),(1127,'Prehistorik Man',NULL,'1996-01-01'),(1128,'Primal Rage',NULL,'1995-01-01'),(1129,'Prince of Persia',NULL,'1992-11-01'),(1130,'Prince of Persia 2: The Shadow and the Flame',NULL,'1996-10-01'),(1131,'Pro Quarterback',NULL,'1992-12-31'),(1132,'Pro Sport Hockey',NULL,'1994-02-01'),(1133,'Pushover',NULL,'1992-12-31'),(1134,'Putty Squad',NULL,'1994-01-01'),(1135,'Q*bert 3',NULL,'1992-10-01'),(1136,'Race Drivin\'',NULL,'1992-10-01'),(1137,'Radical Rex',NULL,'1994-01-01'),(1138,'Rampart',NULL,'1992-08-01'),(1139,'Raiden Trad',NULL,'1992-04-01'),(1140,'Rise of the Phoenix',NULL,'1995-01-01'),(1141,'Rise of the Robots',NULL,'1994-01-01'),(1142,'Rival Turf!',NULL,'1992-12-23'),(1143,'Road Riot 4WD',NULL,'1992-11-01'),(1144,'Road Runner\'s Death Valley Rally\n                    •Looney Tunes: Road RunnerEU',NULL,'1992-11-01'),(1145,'RoboCop 3',NULL,'1992-09-01'),(1146,'RoboCop Versus The Terminator',NULL,'1993-01-01'),(1147,'Robotrek\n                    SlapstickJap',NULL,'1994-01-01'),(1148,'Rock n\' Roll Racing',NULL,'1993-06-04'),(1149,'The Rocketeer',NULL,'1992-05-01'),(1150,'Rocko\'s Modern Life: Spunky\'s Dangerous Day',NULL,'1994-01-01'),(1151,'Rocky Rodent',NULL,'1993-01-01'),(1152,'Roger Clemens\' MVP Baseball',NULL,'1992-09-12'),(1153,'Romance of the Three Kingdoms III: Dragon of Destiny',NULL,'1993-12-01'),(1154,'RPM Racing',NULL,'1991-11-01'),(1155,'Romance of the Three Kingdoms II',NULL,'1992-05-01'),(1156,'Romance of the Three Kingdoms IV: Wall of Fire',NULL,'1995-07-01'),(1157,'R-Type III: The Third Lightning',NULL,'1994-08-02'),(1158,'Run Saber',NULL,'1993-06-08'),(1159,'Sailor Moon',NULL,'1994-01-01'),(1160,'Samurai Shodown\n                    •Samurai SpiritsJPN',NULL,'1994-09-14'),(1161,'Saturday Night Slam Masters\n                    •Muscle BomberJPN',NULL,'1994-01-01'),(1162,'Scooby-Doo Mystery',NULL,'1995-01-01'),(1163,'SeaQuest DSV',NULL,'1995-01-01'),(1164,'Secret of Evermore',NULL,'1995-10-01'),(1165,'Shadowrun',NULL,'1993-05-01'),(1166,'Secret of Mana',NULL,'1993-10-03'),(1167,'Secret of the Stars',NULL,'1995-01-01'),(1168,'Sensible Soccer',NULL,'1992-02-14'),(1169,'Shanghai II: Dragon\'s Eye',NULL,'1993-01-01'),(1170,'Shaq Fu',NULL,'1994-10-28'),(1171,'Shien\'s Revenge',NULL,'1994-01-01'),(1172,'Side Pocket',NULL,'1993-01-01'),(1173,'SimAnt',NULL,'1993-01-01'),(1174,'SimCity',NULL,'1991-08-23'),(1175,'SimCity 2000',NULL,'1996-01-01'),(1176,'SimEarth',NULL,'1993-01-01'),(1177,'The Simpsons: Bart\'s Nightmare',NULL,'1992-10-12'),(1178,'Sink or Swim',NULL,'1996-01-31'),(1179,'Sküljagger: Revolt of the Westicans',NULL,'1992-10-01'),(1180,'Skyblazer',NULL,'1994-03-16'),(1181,'Smart Ball',NULL,'1992-03-01'),(1182,'Space Megaforce\n                    •Super AlesteEU',NULL,'1992-10-30'),(1183,'Spanky\'s Quest',NULL,'1992-07-01'),(1184,'Sparkster',NULL,'1994-10-01'),(1185,'Spectre',NULL,'1994-01-01'),(1186,'Speed Racer in My Most Dangerous Adventures',NULL,'1994-01-01'),(1187,'Speedy Gonzales: Los Gatos Bandidos',NULL,'1995-01-01'),(1188,'Spider-Man: The Animated Series',NULL,'1995-01-01'),(1189,'Spider-Man and Venom: Maximum Carnage',NULL,'1994-09-16'),(1190,'Spider-Man and the X-Men in Arcade\'s Revenge',NULL,'1992-11-01'),(1191,'Spindizzy Worlds',NULL,'1993-01-01'),(1192,'Spirou',NULL,'1995-01-01'),(1193,'The Sporting News: Power Baseball',NULL,'1995-01-01'),(1194,'Sports Illustrated: Championship Football & Baseball\n                    •All-American Championship FootballEU',NULL,'1994-01-01'),(1195,'Star Fox\n                    •StarwingEU',NULL,'1993-03-23'),(1196,'Star Trek: Deep Space Nine: The Crossroads of Time',NULL,'1995-01-01'),(1197,'Star Trek: Starfleet Academy Starship Bridge Simulator',NULL,'1994-01-01'),(1198,'Star Trek: The Next Generation: Future\'s Past',NULL,'1994-01-01'),(1199,'Stargate',NULL,'1995-01-01'),(1200,'Steel Talons',NULL,'1993-01-01'),(1201,'Sterling Sharpe: End 2 End',NULL,'1995-01-01'),(1202,'Stone Protectors',NULL,'1994-01-01'),(1203,'Street Combat\n                    •Ranma ½: Chōnai GekitōhenJPN',NULL,'1993-01-01'),(1204,'Street Fighter Alpha 2\n                    •Street Fighter Zero 2JPN',NULL,'1996-11-01'),(1205,'Street Fighter II: The World Warrior',NULL,'1992-07-01'),(1206,'Street Fighter II Turbo: Hyper Fighting',NULL,'1993-08-13'),(1207,'Street Hockey \'95',NULL,'1994-01-01'),(1208,'Street Racer',NULL,'1994-01-01'),(1209,'Strike Gunner S.T.G\n                    •Super Strike GunnerEU',NULL,'1992-10-15'),(1210,'Stunt Race FX',NULL,'1994-10-10'),(1211,'Sunset Riders',NULL,'1993-06-08'),(1212,'Super Bases Loaded',NULL,'1991-09-30'),(1213,'Super Adventure Island',NULL,'1992-04-01'),(1214,'Super Adventure Island II',NULL,'1995-05-10'),(1215,'The Super Aquatic Games Starring the Aquabats\n                    •James Pond\'s Crazy SportsEU',NULL,'1993-01-01'),(1216,'Super Baseball 2020',NULL,'1993-01-01'),(1217,'Super Baseball Simulator 1.000',NULL,'1991-12-01'),(1218,'Super Bases Loaded 2',NULL,'1994-01-01'),(1219,'Super Bases Loaded 3: License to Steal',NULL,'1995-01-01'),(1220,'Super Batter Up',NULL,'1992-10-01'),(1221,'Super Battleship',NULL,'1993-01-01'),(1222,'Garry Kitchen\'s Super Battletank: War in the Gulf\n                    •Super BattletankEU',NULL,'1992-06-01'),(1223,'Super Battletank 2',NULL,'1994-01-11'),(1224,'Super Dany',NULL,'1994-01-01'),(1225,'Super Ghouls \'n Ghosts',NULL,'1991-11-28'),(1226,'Super Dropzone',NULL,'1995-01-01'),(1227,'Super Goal! 2',NULL,'1994-01-01'),(1228,'Super Godzilla',NULL,'1994-01-01'),(1229,'Super High Impact',NULL,'1993-01-01'),(1230,'Super Ice Hockey',NULL,'1994-01-01'),(1231,'Super James Pond\n                    •Super James Pond IIEU',NULL,'1993-01-01'),(1232,'Super Mario All-Stars',NULL,'1993-08-01'),(1233,'Super International Cricket',NULL,'1994-01-01'),(1234,'Super Mario All-Stars + Super Mario World',NULL,'1994-01-01'),(1235,'Super Mario Kart',NULL,'1992-09-01'),(1236,'Super Mario RPG: Legend of the Seven Stars',NULL,'1996-05-13'),(1237,'Super Mario World',NULL,'1991-08-13'),(1238,'Super Mario World 2: Yoshi\'s Island',NULL,'1995-10-04'),(1239,'Super Metroid',NULL,'1994-04-18'),(1240,'Super Morph',NULL,'1993-01-01'),(1241,'Super Ninja Boy',NULL,'1993-01-01'),(1242,'Super Off Road: The Baja',NULL,'1993-07-02'),(1243,'Super Pinball: Behind the Mask',NULL,'1994-01-01'),(1244,'Super Nova',NULL,'1993-01-01'),(1245,'Super Off Road',NULL,'1991-12-01'),(1246,'Super Play Action Football',NULL,'1992-01-01'),(1247,'Super Punch-Out!!',NULL,'1994-09-14'),(1248,'Super Putty',NULL,'1993-01-01'),(1249,'Super R.B.I. Baseball',NULL,'1995-01-01'),(1250,'Super R-Type',NULL,'1991-09-01'),(1251,'Super Scope 6\n                    •Nintendo Scope 6EU',NULL,'1992-02-01'),(1252,'Super Slam Dunk',NULL,'1993-01-01'),(1253,'Super Slap Shot',NULL,'1993-01-01'),(1254,'Super Star Wars: The Empire Strikes Back',NULL,'1993-06-01'),(1255,'Super Smash TV',NULL,'1992-01-01'),(1256,'Super Soccer',NULL,'1992-05-01'),(1257,'Super Soccer Champ\n                    •Euro Football ChampEU',NULL,'1992-06-01'),(1258,'Super Solitaire',NULL,'1994-01-01'),(1259,'Super Star Wars',NULL,'1992-06-01'),(1260,'Super Street Fighter II: The New Challengers',NULL,'1994-07-18'),(1261,'Super Strike Eagle',NULL,'1993-01-01'),(1262,'Super Tennis',NULL,'1991-11-02'),(1263,'Super Star Wars: Return of the Jedi',NULL,'1994-06-22'),(1264,'Super Troll Islands',NULL,'1994-01-01'),(1265,'Super Turrican',NULL,'1993-01-01'),(1266,'Tecmo Super Bowl III: Final Edition',NULL,'1995-01-01'),(1267,'Tecmo Super NBA Basketball',NULL,'1993-01-01'),(1268,'Teenage Mutant Ninja Turtles IV: Turtles in Time\n                    •Teenage Mutant Hero Turtles IV: Turtles in TimeEU',NULL,'1992-08-15'),(1269,'Teenage Mutant Ninja Turtles: Tournament Fighters\n                    •Teenage Mutant Hero Turtles: Tournament FightersEU',NULL,'1993-01-01'),(1270,'The Terminator',NULL,'1993-01-01'),(1271,'Terminator 2: Judgment Day',NULL,'1993-01-01'),(1272,'Terranigma',NULL,'1996-12-19'),(1273,'Tetris & Dr. Mario',NULL,'1994-12-30'),(1274,'Tetris 2',NULL,'1994-01-01'),(1275,'Tetris Attack',NULL,'1996-08-04'),(1276,'Theme Park',NULL,'1994-01-01'),(1277,'Thomas the Tank Engine & Friends',NULL,'1993-08-02'),(1278,'Thunder Spirits',NULL,'1992-06-01'),(1279,'The Tick',NULL,'1994-01-01'),(1280,'Time Slip',NULL,'1993-01-01'),(1281,'Time Trax',NULL,'1994-01-01'),(1282,'Timecop',NULL,'1995-01-01'),(1283,'Timon & Pumbaa\'s Jungle Games',NULL,'1997-11-30'),(1284,'Tintin in Tibet',NULL,'1995-01-01'),(1285,'Tin Star',NULL,'1994-01-01'),(1286,'Tiny Toon Adventures: Buster Busts Loose',NULL,'1993-01-01'),(1287,'Arkanoid: Doh It Again',NULL,'1997-10-01'),(1288,'Arcana',NULL,'1992-05-05'),(1289,'Ardy Lightfoot',NULL,'1993-06-01'),(1290,'TNN Bass Tournament of Champions',NULL,'1994-01-01'),(1291,'Tiny Toon Adventures: Wacky Sports Challenge\n                    •Tiny Toon Adventures: Wild & Wacky SportsEU',NULL,'1994-01-01'),(1292,'TKO Super Championship Boxing',NULL,'1992-10-01'),(1293,'Tom and Jerry',NULL,'1993-01-01'),(1294,'Todd McFarlane\'s Spawn: The Video Game',NULL,'1995-01-01'),(1295,'Tommy Moe\'s Winter Extreme: Skiing & Snowboarding\n                    •Val d\'Isere ChampionshipEU',NULL,'1994-01-01'),(1296,'Tony Meola\'s Sidekicks Soccer\n                    •Super CopaBRA\n                    •World SoccerEU',NULL,'1993-01-01'),(1297,'Top Gear',NULL,'1992-04-16'),(1298,'Top Gear 2',NULL,'1993-08-08'),(1299,'Top Gear 3000',NULL,'1995-01-01'),(1300,'Total Carnage',NULL,'1993-01-01'),(1301,'Toy Story',NULL,'1995-12-31'),(1302,'Ultima VI: The False Prophet',NULL,'1994-01-01'),(1303,'Ultimate Mortal Kombat 3',NULL,'1996-06-26'),(1304,'Ultraman: Towards the Future',NULL,'1991-10-19'),(1305,'Ultima VII: The Black Gate',NULL,'1994-01-01'),(1306,'Ultimate Fighter',NULL,'1994-01-01'),(1307,'Uncharted Waters',NULL,'1993-01-01'),(1308,'Uncharted Waters: New Horizons',NULL,'1994-01-01'),(1309,'Uniracers\n                    •UnirallyEU',NULL,'1994-06-01'),(1310,'Untouchables',NULL,'1994-01-01'),(1311,'Urban Strike',NULL,'1995-01-01'),(1312,'Utopia: The Creation of a Nation',NULL,'1993-01-01'),(1313,'Vegas Stakes',NULL,'1993-01-01'),(1314,'Vortex',NULL,'1994-01-01'),(1315,'Venom/Spider-Man: Separation Anxiety',NULL,'1995-01-01'),(1316,'Virtual Bart',NULL,'1994-09-26'),(1317,'Virtual Soccer',NULL,'1993-01-01'),(1318,'War 2410',NULL,'1995-12-01'),(1319,'War 3010: The Revolution',NULL,'1996-10-01'),(1320,'Wario\'s Woods',NULL,'1994-12-10'),(1321,'Warlock',NULL,'1995-03-01'),(1322,'WarpSpeed',NULL,'1992-12-01'),(1323,'Waterworld',NULL,'1995-01-01'),(1324,'Wayne Gretzky and the NHLPA All-Stars',NULL,'1995-12-01'),(1325,'Wayne\'s World',NULL,'1993-04-01'),(1326,'Weaponlord',NULL,'1995-09-01'),(1327,'WCW SuperBrawl Wrestling',NULL,'1994-11-01'),(1328,'We\'re Back! A Dinosaur\'s Story',NULL,'1993-11-01'),(1329,'Wheel of Fortune: Featuring Vanna White',NULL,'1992-09-01'),(1330,'Wheel of Fortune Deluxe!',NULL,'1994-04-01'),(1331,'Where in the World Is Carmen Sandiego?',NULL,'1993-06-01'),(1332,'Where in Time is Carmen Sandiego?',NULL,'1993-05-01'),(1333,'Whirlo',NULL,'1992-01-01'),(1334,'Whizz',NULL,'1996-11-01'),(1335,'Wild Guns',NULL,'1995-07-04'),(1336,'WildSnake',NULL,'1994-09-01'),(1337,'Williams Arcade\'s Greatest Hits',NULL,'1996-10-31'),(1338,'Wing Commander',NULL,'1992-03-01'),(1339,'Wing Commander: The Secret Missions',NULL,'1993-09-01'),(1340,'Wings 2: Aces High\n                    •Blazing SkiesEU',NULL,'1992-10-01'),(1341,'Winter Gold',NULL,'1996-11-28'),(1342,'Winter Olympic Games: Lillehammer \'94',NULL,'1994-02-01'),(1343,'The Wizard of Oz',NULL,'1993-10-05'),(1344,'Worms',NULL,'1996-09-29'),(1345,'WWF RAW',NULL,'1994-11-01'),(1346,'WWF Royal Rumble',NULL,'1993-06-08'),(1347,'WWF Super WrestleMania',NULL,'1992-02-12'),(1348,'WWF WrestleMania: The Arcade Game',NULL,'1995-11-01'),(1349,'Xardion',NULL,'1992-04-01'),(1350,'X-Kaliber 2097',NULL,'1994-02-01'),(1351,'X-Men: Mutant Apocalypse',NULL,'1994-11-01'),(1352,'X-Zone',NULL,'1992-11-01'),(1353,'Young Merlin',NULL,'1994-03-18'),(1354,'Yoshi\'s Cookie',NULL,'1993-04-01'),(1355,'Yoshi\'s Safari',NULL,'1993-09-03'),(1356,'Ys III: Wanderers from Ys',NULL,'1992-01-10'),(1357,'Zero the Kamikaze Squirrel',NULL,'1994-11-01'),(1358,'Zombies Ate My Neighbors\n                    •ZombiesEU',NULL,'1993-09-24'),(1359,'Zool',NULL,'1993-06-01'),(1360,'Zoop',NULL,'1995-09-15'),(1361,'California Games 2',NULL,'1993-01-01'),(1362,'Cal Ripken Jr. Baseball',NULL,'1992-12-01'),(1363,'Bulls versus Blazers and the NBA Playoffs',NULL,'1992-12-01'),(1364,'Bugs Bunny Rabbit Rampage',NULL,'1994-02-15'),(1365,'Bust-a-Move\n                    •Puzzle BobbleEU',NULL,'1995-03-01'),(1366,'Cacoma Knight in Bizyland',NULL,'1993-06-01'),(1367,'Dirt Trax FX',NULL,'1995-06-16'),(1368,'Disney\'s Aladdin',NULL,'1993-11-21'),(1369,'Disney\'s Pinocchio',NULL,'1996-11-01'),(1370,'Disney\'s Bonkers',NULL,'1994-12-15'),(1371,'Dirt Racer',NULL,'1995-05-31'),(1372,'Disney\'s Beauty and the Beast',NULL,'1994-07-01'),(1373,'Fatal Fury Special',NULL,'1995-04-01'),(1374,'FIFA Soccer 96',NULL,'1995-07-01'),(1375,'Fatal Fury 2',NULL,'1994-04-01'),(1376,'FIFA 97: Gold Edition',NULL,'1996-09-06'),(1377,'FIFA International Soccer',NULL,'1994-05-01'),(1378,'FIFA: Road to World Cup 98',NULL,'1997-09-03'),(1379,'Hebereke\'s Popoon',NULL,'1994-02-22'),(1380,'Home Alone 2: Lost in New York',NULL,'1992-10-01'),(1381,'Hit the Ice',NULL,'1993-02-01'),(1383,'Home Alone',NULL,'1991-12-30'),(1385,'Mario\'s Early Years! Fun with Numbers',NULL,'1994-10-01'),(1386,'Natsume Championship Wrestling',NULL,'1994-06-01'),(1387,'Mr. Do!',NULL,'1996-12-01'),(1388,'Mountain Bike Rally\n                    •Cannondale Cup',NULL,'1994-11-01'),(1389,'Musya',NULL,'1992-12-31'),(1390,'Ms. Pac-Man',NULL,'1996-09-01'),(1391,'Mr. Nutz',NULL,'1994-01-01'),(1392,'Pac-In-Time',NULL,'1995-01-01'),(1393,'Paperboy 2',NULL,'1991-11-01'),(1394,'Pac-Man 2: The New Adventures',NULL,'1994-01-01'),(1395,'Packy and Marlon',NULL,'1995-06-01'),(1396,'The Pagemaster',NULL,'1994-01-01'),(1397,'Realm',NULL,'1996-01-01'),(1398,'Paladin\'s Quest',NULL,'1993-10-01'),(1399,'Redline F-1 Racer\n                    •Aguri Suzuki F-1 Super DrivingEU',NULL,'1993-01-01'),(1400,'Rap Jam: Volume One',NULL,'1995-01-01'),(1401,'Relief Pitcher',NULL,'1994-01-01'),(1402,'Ranma ½: Hard Battle\n                    •Ranma ½EU',NULL,'1993-01-01'),(1403,'Sonic Blast Man',NULL,'1993-01-01'),(1404,'Soldiers of Fortune\n                    •The Chaos EngineEU',NULL,'1993-01-01'),(1405,'The Ren & Stimpy Show: Buckaroo$!',NULL,'1993-01-01'),(1406,'The Smurfs Travel The World',NULL,'1994-12-31'),(1407,'Smash Tennis',NULL,'1993-01-01'),(1408,'Snow White: Happily Ever After',NULL,'1994-01-01'),(1409,'The Smurfs',NULL,'1994-01-01'),(1410,'Super Black Bass',NULL,'1993-01-01'),(1411,'Super Bonk\n                    •Super B.C. KidEU',NULL,'1994-01-01'),(1412,'Super Bomberman 2',NULL,'1994-12-12'),(1413,'Super Bomberman 3',NULL,'1995-10-15'),(1414,'Super Bomberman',NULL,'1993-05-10'),(1415,'Super Turrican 2',NULL,'1995-01-01'),(1416,'Super Bowling',NULL,'1992-09-01'),(1417,'Super Widget',NULL,'1993-01-01'),(1418,'Suzuka 8 Hours',NULL,'1994-01-01'),(1419,'Super Valis IV',NULL,'1993-02-01'),(1420,'SWAT Kats: The Radical Squadron',NULL,'1995-08-21'),(1421,'Syndicate',NULL,'1995-01-01'),(1422,'Toys',NULL,'1993-01-01'),(1423,'True Golf: Wicked 18',NULL,'1993-01-01'),(1424,'True Golf Classics: Waialae Country Club',NULL,'1991-11-30'),(1425,'True Golf Classics: Pebble Beach Golf Links',NULL,'1992-04-01'),(1426,'Troy Aikman NFL Football',NULL,'1994-01-01'),(1427,'Kevin Keegan\'s Player Manager\n                    •K.H. Rummenigge\'s Player ManagerGER',NULL,'1993-01-01'),(1428,'World Class Rugby',NULL,'1993-01-01'),(1429,'Wolfenstein 3D',NULL,'1994-03-01'),(1430,'Wolverine: Adamantium Rage',NULL,'1994-11-01'),(1431,'Wolfchild',NULL,'1993-06-01'),(1432,'Troddlers',NULL,'1993-01-01'),(1433,'Wordtris',NULL,'1992-11-01'),(1471,'Art of Fighting',NULL,'1993-12-01'),(1472,'Asterix',NULL,'1993-05-30'),(1473,'Bassin\'s Black Bass with Hank Parker',NULL,'1994-11-01'),(1474,'Batman Forever',NULL,'1995-10-26'),(1475,'Batman Returns',NULL,'1993-05-31'),(1550,'Donkey Kong Country 3: Dixie Kong\'s Double Trouble!',NULL,'1996-11-22'),(1551,'Doom',NULL,'1995-09-01'),(1552,'Doom Troopers',NULL,'1995-11-15'),(1553,'Doomsday Warrior',NULL,'1993-04-30'),(1632,'Home Improvement: Power Tool Pursuit!',NULL,'1994-11-01'),(1669,'Kawasaki Caribbean Challenge',NULL,'1993-06-01'),(1711,'Mario Paint',NULL,'1992-08-01'),(1748,'NBA All-Star Challenge',NULL,'1992-12-31'),(1749,'NBA Give \'n Go',NULL,'1995-01-01'),(1750,'NBA Hangtime',NULL,'1996-01-01'),(1751,'NBA Jam',NULL,'1994-01-01'),(1752,'NBA Jam Tournament Edition',NULL,'1995-01-01'),(1753,'NBA Live 95',NULL,'1994-01-01'),(1788,'Parodius: Non-Sense Fantasy',NULL,'1992-01-01'),(1925,'Asterix & Obelix',NULL,'1996-05-01'),(1928,'Axelay',NULL,'1992-09-14'),(1949,'Tecmo Super Bowl',NULL,'1993-01-01'),(1950,'Tecmo Super Bowl II: Special Edition',NULL,'1995-01-01'),(1990,'True Lies',NULL,'1995-01-01'),(2027,'Wizardry V: Heart of the Maelstrom',NULL,'1994-04-01'),(2041,'Capcom\'s MVP Football',NULL,'1992-06-01'),(2046,'Capcom\'s Soccer Shootout',NULL,'1994-09-15'),(2047,'Cannon Fodder',NULL,'1994-01-01'),(2059,'Fighter\'s History',NULL,'1994-08-01'),(2062,'Hook',NULL,'1992-10-13'),(2063,'The Hunt for Red October',NULL,'1993-01-01'),(2064,'The Humans',NULL,'1993-12-31'),(2065,'Hurricanes',NULL,'1994-12-31'),(2066,'Hungry Dinosaurs',NULL,'1995-01-03'),(2068,'Kick Off',NULL,'1993-01-01'),(2069,'Ken Griffey Jr.\'s Winning Run',NULL,'1996-06-10'),(2076,'PGA Tour 96',NULL,'1996-01-31'),(2077,'Phalanx',NULL,'1992-10-01'),(2079,'PGA European Tour',NULL,'1996-01-01'),(2080,'PGA Tour Golf',NULL,'1992-03-01'),(2081,'The Peace Keepers',NULL,'1994-03-01'),(2087,'The Ren & Stimpy Show: Fire Dogs',NULL,'1994-01-01'),(2093,'Sonic Blast Man II',NULL,'1994-01-01'),(2095,'Super Buster Bros.\n                    •Super PangEU',NULL,'1992-10-01'),(2106,'Ultima: Runes of Virtue II',NULL,'1994-01-01'),(2108,'Turn and Burn: No-Fly Zone',NULL,'1994-01-01'),(2109,'U.N. Squadron',NULL,'1991-09-09'),(2110,'Tuff E Nuff',NULL,'1993-01-01'),(2111,'The Twisted Tales of Spike McFang',NULL,'1994-01-01'),(2112,'World Heroes 2',NULL,'1994-09-01'),(2113,'World Soccer \'94: Road to Glory\n                    •StrikerEU\n                    •Eric Cantona Football ChallengeFRA',NULL,'1993-12-01'),(2114,'World Cup USA \'94',NULL,'1994-06-01'),(2116,'World Masters Golf',NULL,'1995-11-23'),(2117,'World League Soccer',NULL,'1992-04-01'),(2153,'Barbie Super Model',NULL,'1993-06-16'),(2154,'Barkley Shut Up and Jam!',NULL,'1994-06-07'),(2155,'Bass Masters Classic',NULL,'1995-06-06'),(2156,'Bass Masters Classic: Pro Edition',NULL,'1996-07-23'),(2189,'Captain Novolin',NULL,'1992-11-02'),(2345,'Kawasaki Superbike Challenge',NULL,'1995-12-01'),(2349,'Ken Griffey Jr. Presents Major League Baseball',NULL,'1994-03-23'),(2351,'Killer Instinct',NULL,'1995-08-30'),(2352,'Kendo Rage',NULL,'1993-10-01'),(2355,'Kick Off 3',NULL,'1994-01-01'),(2356,'Kid Klown in Crazy Chase',NULL,'1994-09-01'),(2384,'Mario\'s Early Years! Fun with Letters',NULL,'1994-09-01'),(2386,'Mario\'s Early Years! Preschool Fun',NULL,'1994-11-01'),(2387,'Mario\'s Time Machine',NULL,'1993-12-01'),(2388,'Mark Davis\' The Fishing Master',NULL,'1996-04-01'),(2389,'Marko\'s Magic Football',NULL,'1995-01-01'),(2489,'The Ren & Stimpy Show: Time Warp',NULL,'1994-01-01'),(2490,'The Ren & Stimpy Show: Veediots!',NULL,'1993-01-01'),(2491,'Revolution X',NULL,'1995-01-01'),(2492,'Rex Ronan: Experimental Surgeon',NULL,'1994-01-01'),(2493,'Riddick Bowe Boxing\n                    •ChavezMX',NULL,'1994-01-01'),(2530,'Space Ace',NULL,'1994-01-01'),(2532,'SOS',NULL,'1994-01-01'),(2533,'Soul Blazer',NULL,'1992-11-27'),(2534,'Space Football: One on One',NULL,'1992-06-01'),(2535,'Space Invaders',NULL,'1997-11-01'),(2573,'Super Caesars Palace',NULL,'1993-08-08'),(2574,'Super Castlevania IV',NULL,'1991-12-04'),(2575,'Super Chase H.Q.',NULL,'1993-01-01'),(2576,'Super Double Dragon',NULL,'1992-10-01'),(2578,'Super Conflict',NULL,'1993-01-01'),(2615,'Syvalion',NULL,'1992-01-01'),(2617,'T2: The Arcade Game',NULL,'1994-01-01'),(2618,'Taz-Mania',NULL,'1993-01-01'),(2619,'Tecmo Super Baseball',NULL,'1994-01-01'),(2693,'World Heroes',NULL,'1993-09-01'),(2729,'King Arthur & the Knights of Justice',NULL,'1995-05-01'),(2732,'King Arthur\'s World',NULL,'1994-09-04'),(2733,'Marvel Super Heroes: War of the Gems',NULL,'1996-11-01'),(2734,'The Mask',NULL,'1995-10-01'),(2735,'Mary Shelley\'s Frankenstein',NULL,'1994-11-01');
/*!40000 ALTER TABLE `video_game_info` ENABLE KEYS */;
UNLOCK TABLES;
/*!40103 SET TIME_ZONE=@OLD_TIME_ZONE */;

/*!40101 SET SQL_MODE=@OLD_SQL_MODE */;
/*!40014 SET FOREIGN_KEY_CHECKS=@OLD_FOREIGN_KEY_CHECKS */;
/*!40014 SET UNIQUE_CHECKS=@OLD_UNIQUE_CHECKS */;
/*!40101 SET CHARACTER_SET_CLIENT=@OLD_CHARACTER_SET_CLIENT */;
/*!40101 SET CHARACTER_SET_RESULTS=@OLD_CHARACTER_SET_RESULTS */;
/*!40101 SET COLLATION_CONNECTION=@OLD_COLLATION_CONNECTION */;
/*!40111 SET SQL_NOTES=@OLD_SQL_NOTES */;

-- Dump completed on 2017-06-07 16:09:16
